<?xml version='1.0' encoding='UTF-8' standalone='no'?>
<!-- Created by CyFluxViz version v0.92 on 2013-08-01 16:33 with jsbml version 0.8-rc1. -->
<sbml xmlns="http://www.sbml.org/sbml/level2/version3" level="2" version="3">
  <model id="Koenig_demo" name="Demo Network for CyFluxViz" metaid="_358a50dc-0f73-4b20-8cf7-a93f7f2c5018">
    <annotation>
      <rdf:RDF xmlns:rdf="http://www.w3.org/1999/02/22-rdf-syntax-ns#" xmlns:dc="http://purl.org/dc/elements/1.1/" xmlns:vCard="http://www.w3.org/2001/vcard-rdf/3.0#" xmlns:dcterms="http://purl.org/dc/terms/">
        <rdf:Description rdf:about="#_358a50dc-0f73-4b20-8cf7-a93f7f2c5018">
          <dc:creator>
            <rdf:Bag>
              <rdf:li rdf:parseType="Resource">
                <vCard:N rdf:parseType="Resource">
                  <vCard:Family>Koenig</vCard:Family>
                  <vCard:Given>Matthias</vCard:Given>
                </vCard:N>
                <vCard:EMAIL>matthias.koenig@charite.de</vCard:EMAIL>
                <vCard:ORG rdf:parseType="Resource">
                  <vCard:Orgname>Charite Berlin</vCard:Orgname>
                </vCard:ORG>
              </rdf:li>
            </rdf:Bag>
          </dc:creator>
          <dcterms:created rdf:parseType="Resource">
            <dcterms:W3CDTF>2013-08-01T14:33:16Z</dcterms:W3CDTF>
          </dcterms:created>
          <dcterms:modified rdf:parseType="Resource">
            <dcterms:W3CDTF>2013-08-01T14:33:16Z</dcterms:W3CDTF>
          </dcterms:modified>
        </rdf:Description>
      </rdf:RDF>
    </annotation>
      <listOfCompartments>
      <compartment id="outside" name="Outer Compartment"/>
      <compartment id="inside" name="Inner Compartment"/>
    </listOfCompartments>
    <listOfSpecies>
      <species id="A_in" name="A_in" compartment="inside"/>
      <species id="B_in" name="B_in" compartment="inside"/>
      <species id="C_in" name="C_in" compartment="inside"/>
      <species id="A_out" name="A_out" compartment="inside"/>
      <species id="B_out" name="B_out" compartment="inside"/>
      <species id="C_out" name="C_out" compartment="inside"/>
    </listOfSpecies>
    <listOfReactions>
      <reaction id="b1" reversible="false">
        <listOfReactants>
          <speciesReference species="A_out"/>
        </listOfReactants>
        <listOfProducts>
          <speciesReference species="A_in"/>
        </listOfProducts>
      </reaction>
      <reaction id="b2" reversible="false">
        <listOfReactants>
          <speciesReference species="B_in"/>
        </listOfReactants>
        <listOfProducts>
          <speciesReference species="B_out"/>
        </listOfProducts>
      </reaction>
      <reaction id="b3" reversible="false">
        <listOfReactants>
          <speciesReference species="C_in"/>
        </listOfReactants>
        <listOfProducts>
          <speciesReference species="C_out"/>
        </listOfProducts>
      </reaction>
      <reaction id="v1">
        <listOfReactants>
          <speciesReference species="A_in"/>
        </listOfReactants>
        <listOfProducts>
          <speciesReference species="B_in"/>
        </listOfProducts>
      </reaction>
      <reaction id="v2">
        <listOfReactants>
          <speciesReference species="A_in"/>
        </listOfReactants>
        <listOfProducts>
          <speciesReference species="C_in"/>
        </listOfProducts>
      </reaction>
      <reaction id="v3">
        <listOfReactants>
          <speciesReference species="C_in"/>
        </listOfReactants>
        <listOfProducts>
          <speciesReference species="A_in"/>
        </listOfProducts>
      </reaction>
      <reaction id="v4">
        <listOfReactants>
          <speciesReference species="C_in"/>
        </listOfReactants>
        <listOfProducts>
          <speciesReference species="B_in"/>
        </listOfProducts>
      </reaction>
    </listOfReactions>
  </model>
</sbml>