<?xml version="1.0" encoding="UTF-8" standalone="no"?>
<fluxDistributionCollection>
  <listOfFluxDistributions>
    <fluxDistribution id="1" name="Koenig_demo_FD_01" networkId="Koenig_demo">
      <listOfFluxes>
        <flux fluxValue="1.0" id="v1" type="nodeFlux"/>
        <flux fluxValue="1.0" id="b1" type="nodeFlux"/>
        <flux fluxValue="1.0" id="b2" type="nodeFlux"/>
      </listOfFluxes>
      <listOfConcentrations/>
    </fluxDistribution>
    <fluxDistribution id="2" name="Koenig_demo_FD_02" networkId="Koenig_demo">
      <listOfFluxes>
        <flux fluxValue="0.3" id="v1" type="nodeFlux"/>
        <flux fluxValue="0.7" id="v4" type="nodeFlux"/>
        <flux fluxValue="1.0" id="b1" type="nodeFlux"/>
        <flux fluxValue="0.7" id="v2" type="nodeFlux"/>
        <flux fluxValue="1.0" id="b2" type="nodeFlux"/>
      </listOfFluxes>
      <listOfConcentrations/>
    </fluxDistribution>
    <fluxDistribution id="3" name="Koenig_demo_FD_03" networkId="Koenig_demo">
      <listOfFluxes>
        <flux fluxValue="0.3" id="v1" type="nodeFlux"/>
        <flux fluxValue="0.3" id="v4" type="nodeFlux"/>
        <flux fluxValue="1.0" id="b1" type="nodeFlux"/>
        <flux fluxValue="0.7" id="v2" type="nodeFlux"/>
        <flux fluxValue="0.4" id="b3" type="nodeFlux"/>
        <flux fluxValue="0.7" id="b2" type="nodeFlux"/>
      </listOfFluxes>
      <listOfConcentrations/>
    </fluxDistribution>
  </listOfFluxDistributions>
</fluxDistributionCollection>
