<?xml version="1.0" encoding="UTF-8" standalone="no"?><fluxDistributionCollection><listOfFluxDistributions><fluxDistribution id="03a6bf1c-c741-4f8e-8e40-b5c895efa82a" name="ATPase" networkId="Koenig2012_Erythrocyte"><listOfFluxes><flux fluxValue="0.5" id="HK" type="nodeFlux"/><flux fluxValue="-0.5" id="TPI" type="nodeFlux"/><flux fluxValue="1.0" id="LacT" type="nodeFlux"/><flux fluxValue="1.0" id="ATPase" type="nodeFlux"/><flux fluxValue="-0.5" id="GPI" type="nodeFlux"/><flux fluxValue="1.0" id="EN" type="nodeFlux"/><flux fluxValue="1.0" id="LDH" type="nodeFlux"/><flux fluxValue="1.0" id="PK" type="nodeFlux"/><flux fluxValue="-0.5" id="ALD" type="nodeFlux"/><flux fluxValue="0.5" id="PFK" type="nodeFlux"/><flux fluxValue="1.0" id="GAPDH" type="nodeFlux"/><flux fluxValue="-1.0" id="PGM" type="nodeFlux"/><flux fluxValue="0.5" id="GlcT" type="nodeFlux"/><flux fluxValue="1.0" id="PGK" type="nodeFlux"/></listOfFluxes></fluxDistribution><fluxDistribution id="13acca5e-194f-4abb-a835-4c98ae0b67ed" name="DPGase" networkId="Koenig2012_Erythrocyte"><listOfFluxes><flux fluxValue="0.5" id="HK" type="nodeFlux"/><flux fluxValue="-0.5" id="TPI" type="nodeFlux"/><flux fluxValue="1.0" id="LacT" type="nodeFlux"/><flux fluxValue="1.0" id="DPGM" type="nodeFlux"/><flux fluxValue="-0.5" id="GPI" type="nodeFlux"/><flux fluxValue="1.0" id="EN" type="nodeFlux"/><flux fluxValue="1.0" id="LDH" type="nodeFlux"/><flux fluxValue="1.0" id="PK" type="nodeFlux"/><flux fluxValue="-0.5" id="ALD" type="nodeFlux"/><flux fluxValue="0.5" id="PFK" type="nodeFlux"/><flux fluxValue="1.0" id="GAPDH" type="nodeFlux"/><flux fluxValue="-1.0" id="PGM" type="nodeFlux"/><flux fluxValue="0.5" id="GlcT" type="nodeFlux"/><flux fluxValue="1.0" id="DPGase" type="nodeFlux"/></listOfFluxes></fluxDistribution><fluxDistribution id="f93da13d-4d88-47ae-b10d-79bd34955f5f" name="PPrPT" networkId="Koenig2012_Erythrocyte"><listOfFluxes><flux fluxValue="2.0" id="GSSGR" type="nodeFlux"/><flux fluxValue="2.5" id="HK" type="nodeFlux"/><flux fluxValue="-1.5" id="TPI" type="nodeFlux"/><flux fluxValue="1.0" id="PRPPS" type="nodeFlux"/><flux fluxValue="3.0" id="LacT" type="nodeFlux"/><flux fluxValue="3.0" id="PT" type="nodeFlux"/><flux fluxValue="-1.5" id="GPI" type="nodeFlux"/><flux fluxValue="2.0" id="GSHox" type="nodeFlux"/><flux fluxValue="1.0" id="CO2T" type="nodeFlux"/><flux fluxValue="3.0" id="EN" type="nodeFlux"/><flux fluxValue="1.0" id="G6PD" type="nodeFlux"/><flux fluxValue="3.0" id="LDH" type="nodeFlux"/><flux fluxValue="1.0" id="PGD6" type="nodeFlux"/><flux fluxValue="3.0" id="PK" type="nodeFlux"/><flux fluxValue="-1.0" id="AK" type="nodeFlux"/><flux fluxValue="1.0" id="PPrPT" type="nodeFlux"/><flux fluxValue="1.0" id="KI" type="nodeFlux"/><flux fluxValue="-1.5" id="ALD" type="nodeFlux"/><flux fluxValue="1.5" id="PFK" type="nodeFlux"/><flux fluxValue="3.0" id="GAPDH" type="nodeFlux"/><flux fluxValue="-3.0" id="PGM" type="nodeFlux"/><flux fluxValue="2.5" id="GlcT" type="nodeFlux"/><flux fluxValue="3.0" id="PGK" type="nodeFlux"/></listOfFluxes></fluxDistribution><fluxDistribution id="a446a6b4-2ad0-417b-adb9-850389aef544" name="ATP_regeneration" networkId="Koenig2012_Erythrocyte"><listOfFluxes><flux fluxValue="0.5" id="HK" type="nodeFlux"/><flux fluxValue="-0.5" id="TPI" type="nodeFlux"/><flux fluxValue="1.0" id="LacT" type="nodeFlux"/><flux fluxValue="-0.5" id="GPI" type="nodeFlux"/><flux fluxValue="1.0" id="EN" type="nodeFlux"/><flux fluxValue="1.0" id="LDH" type="nodeFlux"/><flux fluxValue="1.0" id="PK" type="nodeFlux"/><flux fluxValue="-0.5" id="ALD" type="nodeFlux"/><flux fluxValue="0.5" id="PFK" type="nodeFlux"/><flux fluxValue="1.0" id="GAPDH" type="nodeFlux"/><flux fluxValue="-1.0" id="PGM" type="nodeFlux"/><flux fluxValue="0.5" id="GlcT" type="nodeFlux"/><flux fluxValue="1.0" id="PGK" type="nodeFlux"/></listOfFluxes></fluxDistribution><fluxDistribution id="4fc673c0-e328-4f0f-953f-86edd10bf6fb" name="All" networkId="Koenig2012_Erythrocyte"><listOfFluxes><flux fluxValue="1.50495" id="HK" type="nodeFlux"/><flux fluxValue="-1.47225" id="TPI" type="nodeFlux"/><flux fluxValue="2.9514" id="LacT" type="nodeFlux"/><flux fluxValue="0.494" id="DPGM" type="nodeFlux"/><flux fluxValue="0.0069" id="TK2" type="nodeFlux"/><flux fluxValue="0.0069" id="TK1" type="nodeFlux"/><flux fluxValue="0.0465" id="CO2T" type="nodeFlux"/><flux fluxValue="2.9514" id="LDH" type="nodeFlux"/><flux fluxValue="0.0258" id="PPrPT" type="nodeFlux"/><flux fluxValue="0.0327" id="KI" type="nodeFlux"/><flux fluxValue="-1.47225" id="ALD" type="nodeFlux"/><flux fluxValue="-2.9514" id="PGM" type="nodeFlux"/><flux fluxValue="2.9514" id="GAPDH" type="nodeFlux"/><flux fluxValue="0.0069" id="TA" type="nodeFlux"/><flux fluxValue="2.4574" id="PGK" type="nodeFlux"/><flux fluxValue="0.093" id="GSSGR" type="nodeFlux"/><flux fluxValue="0.0258" id="PRPPS" type="nodeFlux"/><flux fluxValue="2.38" id="ATPase" type="nodeFlux"/><flux fluxValue="0.077399999999999" id="PT" type="nodeFlux"/><flux fluxValue="0.0138" id="EP" type="nodeFlux"/><flux fluxValue="0.093" id="GSHox" type="nodeFlux"/><flux fluxValue="-1.45845" id="GPI" type="nodeFlux"/><flux fluxValue="2.9514" id="EN" type="nodeFlux"/><flux fluxValue="0.0465" id="G6PD" type="nodeFlux"/><flux fluxValue="0.0465" id="PGD6" type="nodeFlux"/><flux fluxValue="2.9514" id="PK" type="nodeFlux"/><flux fluxValue="-0.0258" id="AK" type="nodeFlux"/><flux fluxValue="1.47225" id="PFK" type="nodeFlux"/><flux fluxValue="1.50495" id="GlcT" type="nodeFlux"/><flux fluxValue="0.494" id="DPGase" type="nodeFlux"/></listOfFluxes></fluxDistribution><fluxDistribution id="1c7996cd-ba7c-4134-a0ab-5a7960f85880" name="PrPP_alt" networkId="Koenig2012_Erythrocyte"><listOfFluxes><flux fluxValue="2.0" id="GSSGR" type="nodeFlux"/><flux fluxValue="2.5" id="HK" type="nodeFlux"/><flux fluxValue="-1.5" id="TPI" type="nodeFlux"/><flux fluxValue="1.0" id="PRPPS" type="nodeFlux"/><flux fluxValue="3.0" id="LacT" type="nodeFlux"/><flux fluxValue="3.0" id="PT" type="nodeFlux"/><flux fluxValue="-1.5" id="GPI" type="nodeFlux"/><flux fluxValue="2.0" id="GSHox" type="nodeFlux"/><flux fluxValue="1.0" id="CO2T" type="nodeFlux"/><flux fluxValue="3.0" id="EN" type="nodeFlux"/><flux fluxValue="1.0" id="G6PD" type="nodeFlux"/><flux fluxValue="3.0" id="LDH" type="nodeFlux"/><flux fluxValue="1.0" id="PGD6" type="nodeFlux"/><flux fluxValue="3.0" id="PK" type="nodeFlux"/><flux fluxValue="-1.0" id="AK" type="nodeFlux"/><flux fluxValue="1.0" id="PPrPT" type="nodeFlux"/><flux fluxValue="1.0" id="KI" type="nodeFlux"/><flux fluxValue="-1.5" id="ALD" type="nodeFlux"/><flux fluxValue="1.5" id="PFK" type="nodeFlux"/><flux fluxValue="3.0" id="GAPDH" type="nodeFlux"/><flux fluxValue="-3.0" id="PGM" type="nodeFlux"/><flux fluxValue="2.5" id="GlcT" type="nodeFlux"/><flux fluxValue="3.0" id="PGK" type="nodeFlux"/></listOfFluxes></fluxDistribution><fluxDistribution id="e8e27ee8-a15c-49f2-82a3-4d0a151668a3" name="GSHox" networkId="Koenig2012_Erythrocyte"><listOfFluxes><flux fluxValue="1.0" id="GSSGR" type="nodeFlux"/><flux fluxValue="0.166666666666667" id="HK" type="nodeFlux"/><flux fluxValue="0.166666666666667" id="LacT" type="nodeFlux"/><flux fluxValue="0.166666666666667" id="TK2" type="nodeFlux"/><flux fluxValue="0.166666666666667" id="DPGM" type="nodeFlux"/><flux fluxValue="0.166666666666667" id="TK1" type="nodeFlux"/><flux fluxValue="0.333333333333333" id="EP" type="nodeFlux"/><flux fluxValue="0.333333333333333" id="GPI" type="nodeFlux"/><flux fluxValue="1.0" id="GSHox" type="nodeFlux"/><flux fluxValue="0.5" id="CO2T" type="nodeFlux"/><flux fluxValue="0.166666666666667" id="EN" type="nodeFlux"/><flux fluxValue="0.5" id="G6PD" type="nodeFlux"/><flux fluxValue="0.166666666666667" id="LDH" type="nodeFlux"/><flux fluxValue="0.5" id="PGD6" type="nodeFlux"/><flux fluxValue="0.166666666666667" id="PK" type="nodeFlux"/><flux fluxValue="0.166666666666667" id="KI" type="nodeFlux"/><flux fluxValue="0.166666666666667" id="GAPDH" type="nodeFlux"/><flux fluxValue="-0.166666666666667" id="PGM" type="nodeFlux"/><flux fluxValue="0.166666666666667" id="GlcT" type="nodeFlux"/><flux fluxValue="0.166666666666667" id="DPGase" type="nodeFlux"/><flux fluxValue="0.166666666666667" id="TA" type="nodeFlux"/></listOfFluxes></fluxDistribution></listOfFluxDistributions></fluxDistributionCollection>