<?xml version="1.0" encoding="utf-8"?>
<fluxDistributionCollection>
   <listOfFluxDistributions>
      <fluxDistribution id="solutionLwac" name="solutionLwac" networkId="iRC1080">
         <listOfFluxes>
            <flux fluxValue="96.6281" id="R_PRISM_red_LED_array_653nm" type="nodeFlux"/>
            <flux fluxValue="7.7069" id="R_EX_h_LPAREN_e_RPAREN_" type="nodeFlux"/>
            <flux fluxValue="9.0113" id="R_EX_h2o_LPAREN_e_RPAREN_" type="nodeFlux"/>
            <flux fluxValue="-0.53601" id="R_EX_pi_LPAREN_e_RPAREN_" type="nodeFlux"/>
            <flux fluxValue="-1.7366" id="R_EX_nh4_LPAREN_e_RPAREN_" type="nodeFlux"/>
            <flux fluxValue="-0.020488" id="R_EX_so4_LPAREN_e_RPAREN_" type="nodeFlux"/>
            <flux fluxValue="-0.011543" id="R_EX_mg2_LPAREN_e_RPAREN_" type="nodeFlux"/>
            <flux fluxValue="-10" id="R_EX_na1_LPAREN_e_RPAREN_" type="nodeFlux"/>
            <flux fluxValue="-96.6281" id="R_EX_photonVis_LPAREN_e_RPAREN_" type="nodeFlux"/>
            <flux fluxValue="-10" id="R_EX_o2_LPAREN_e_RPAREN_" type="nodeFlux"/>
            <flux fluxValue="15.6456" id="R_EX_co2_LPAREN_e_RPAREN_" type="nodeFlux"/>
            <flux fluxValue="-24.5232" id="R_EX_ac_LPAREN_e_RPAREN_" type="nodeFlux"/>
            <flux fluxValue="6.3053" id="R_EX_etoh_LPAREN_e_RPAREN_" type="nodeFlux"/>
            <flux fluxValue="0.027932" id="R_PS_asn_DASH_L_LPAREN_c_RPAREN_" type="nodeFlux"/>
            <flux fluxValue="0.52032" id="R_Biomass_Chlamy_mixo" type="nodeFlux"/>
            <flux fluxValue="0.183" id="R_ATPM_LPAREN_NGAM_RPAREN_" type="nodeFlux"/>
            <flux fluxValue="0.027932" id="R_DM_asnglcnacglcnacman_DASH_LPAREN_DASH_man_DASH_RPAREN_DASH_man_LPAREN_c_RPAREN_" type="nodeFlux"/>
            <flux fluxValue="10" id="R_DM_na1_LPAREN_x_RPAREN_" type="nodeFlux"/>
            <flux fluxValue="4.7226" id="R_DM_o2D_LPAREN_u_RPAREN_" type="nodeFlux"/>
            <flux fluxValue="84.083" id="R_DM_photon646_LPAREN_h_RPAREN_" type="nodeFlux"/>
            <flux fluxValue="7.6173" id="R_DM_photon673_LPAREN_u_RPAREN_" type="nodeFlux"/>
            <flux fluxValue="-0.015634" id="R_1ACPCth" type="nodeFlux"/>
            <flux fluxValue="-0.019748" id="R_23DHMPth" type="nodeFlux"/>
            <flux fluxValue="-0.048413" id="R_3MOBth" type="nodeFlux"/>
            <flux fluxValue="6.7925" id="R_3PG_LPAREN_pi_RPAREN_thr" type="nodeFlux"/>
            <flux fluxValue="7.1325" id="R_6PGLthr" type="nodeFlux"/>
            <flux fluxValue="-5.5206" id="R_ACCOAth" type="nodeFlux"/>
            <flux fluxValue="5.5506" id="R_ACth" type="nodeFlux"/>
            <flux fluxValue="2.7462e-26" id="R_AKG_LPAREN_na_RPAREN_th" type="nodeFlux"/>
            <flux fluxValue="0.092341" id="R_AKGMALth" type="nodeFlux"/>
            <flux fluxValue="-0.011543" id="R_AMETt2h" type="nodeFlux"/>
            <flux fluxValue="-1.6383e-15" id="R_AMPth" type="nodeFlux"/>
            <flux fluxValue="-2.3493e-30" id="R_ASPNA1th" type="nodeFlux"/>
            <flux fluxValue="-0.015925" id="R_ASPSAth" type="nodeFlux"/>
            <flux fluxValue="-0.024784" id="R_ASPth" type="nodeFlux"/>
            <flux fluxValue="7.0399" id="R_ATP_LPAREN_3h_RPAREN_th" type="nodeFlux"/>
            <flux fluxValue="-0.050599" id="R_CMPth" type="nodeFlux"/>
            <flux fluxValue="0.10207" id="R_COAth" type="nodeFlux"/>
            <flux fluxValue="0.050599" id="R_CTPth" type="nodeFlux"/>
            <flux fluxValue="-0.0063702" id="R_CYSth" type="nodeFlux"/>
            <flux fluxValue="8.1182" id="R_F6P_LPAREN_pi_RPAREN_thi" type="nodeFlux"/>
            <flux fluxValue="-0.070758" id="R_FA160h" type="nodeFlux"/>
            <flux fluxValue="-0.092007" id="R_FA180h" type="nodeFlux"/>
            <flux fluxValue="0.027906" id="R_FA18111Zh" type="nodeFlux"/>
            <flux fluxValue="0.055769" id="R_FA1819Zh" type="nodeFlux"/>
            <flux fluxValue="0.10207" id="R_FORthi" type="nodeFlux"/>
            <flux fluxValue="-0.36266" id="R_GALth" type="nodeFlux"/>
            <flux fluxValue="4.6845e-30" id="R_GLNth" type="nodeFlux"/>
            <flux fluxValue="0.15542" id="R_GLYNA1th" type="nodeFlux"/>
            <flux fluxValue="1.8659e-28" id="R_GLYth" type="nodeFlux"/>
            <flux fluxValue="0.91863" id="R_HCO3_LPAREN_h_RPAREN_thi" type="nodeFlux"/>
            <flux fluxValue="-0.006625" id="R_HCYSth" type="nodeFlux"/>
            <flux fluxValue="-8.2038" id="R_MAL_LPAREN_na_RPAREN_th" type="nodeFlux"/>
            <flux fluxValue="-0.003263" id="R_MANth" type="nodeFlux"/>
            <flux fluxValue="0.011543" id="R_MG2th" type="nodeFlux"/>
            <flux fluxValue="10.8265" id="R_NA1Hth" type="nodeFlux"/>
            <flux fluxValue="-2.7781" id="R_NA1th" type="nodeFlux"/>
            <flux fluxValue="-1.0726e-27" id="R_NADPth" type="nodeFlux"/>
            <flux fluxValue="1.6695" id="R_NH4th" type="nodeFlux"/>
            <flux fluxValue="0.30432" id="R_O2thr" type="nodeFlux"/>
            <flux fluxValue="5.4001e-07" id="R_PMTCOAth" type="nodeFlux"/>
            <flux fluxValue="-0.10207" id="R_PPCOAth" type="nodeFlux"/>
            <flux fluxValue="-0.02083" id="R_PPHNth" type="nodeFlux"/>
            <flux fluxValue="10.3537" id="R_PYRth" type="nodeFlux"/>
            <flux fluxValue="-0.1895" id="R_R5Pth" type="nodeFlux"/>
            <flux fluxValue="-1.7373" id="R_SERth" type="nodeFlux"/>
            <flux fluxValue="0.020488" id="R_SO3t" type="nodeFlux"/>
            <flux fluxValue="0.001232" id="R_SQDG18111Z160th" type="nodeFlux"/>
            <flux fluxValue="0.003703" id="R_SQDG1819Z160th" type="nodeFlux"/>
            <flux fluxValue="-0.017964" id="R_THRth" type="nodeFlux"/>
            <flux fluxValue="-0.00082812" id="R_TRPth" type="nodeFlux"/>
            <flux fluxValue="-0.00082812" id="R_TYRth" type="nodeFlux"/>
            <flux fluxValue="0.39713" id="R_UDPGALth" type="nodeFlux"/>
            <flux fluxValue="0.0074926" id="R_UDPGth" type="nodeFlux"/>
            <flux fluxValue="-0.39713" id="R_UDPth" type="nodeFlux"/>
            <flux fluxValue="0.39713" id="R_UMPth" type="nodeFlux"/>
            <flux fluxValue="0.048413" id="R_VALth" type="nodeFlux"/>
            <flux fluxValue="24.5232" id="R_ACt" type="nodeFlux"/>
            <flux fluxValue="-15.6456" id="R_CO2t" type="nodeFlux"/>
            <flux fluxValue="6.3053" id="R_ETOHti" type="nodeFlux"/>
            <flux fluxValue="-9.0113" id="R_H2Ot" type="nodeFlux"/>
            <flux fluxValue="0.011543" id="R_MG2t" type="nodeFlux"/>
            <flux fluxValue="1.7366" id="R_NH4t" type="nodeFlux"/>
            <flux fluxValue="10" id="R_O2t" type="nodeFlux"/>
            <flux fluxValue="0.53601" id="R_PIt" type="nodeFlux"/>
            <flux fluxValue="10" id="R_SO4NA1t" type="nodeFlux"/>
            <flux fluxValue="-9.9795" id="R_SO4t" type="nodeFlux"/>
            <flux fluxValue="-5.4001e-07" id="R_COAts" type="nodeFlux"/>
            <flux fluxValue="-1.0221e-22" id="R_H2Ots" type="nodeFlux"/>
            <flux fluxValue="-5.4001e-07" id="R_HDCAts" type="nodeFlux"/>
            <flux fluxValue="5.4001e-07" id="R_Hts" type="nodeFlux"/>
            <flux fluxValue="8.8145e-23" id="R_NADPHts" type="nodeFlux"/>
            <flux fluxValue="-8.8145e-23" id="R_NADPts" type="nodeFlux"/>
            <flux fluxValue="5.4001e-07" id="R_PMTCOAts" type="nodeFlux"/>
            <flux fluxValue="5.4001e-07" id="R_RETINALts" type="nodeFlux"/>
            <flux fluxValue="-1.6816" id="R_ACCOAtx" type="nodeFlux"/>
            <flux fluxValue="-0.2102" id="R_COA_LPAREN_h_RPAREN_tx" type="nodeFlux"/>
            <flux fluxValue="0.2102" id="R_FA160COAabcp" type="nodeFlux"/>
            <flux fluxValue="1.4714" id="R_H2Otx" type="nodeFlux"/>
            <flux fluxValue="-1.4714" id="R_NADH_LPAREN_h_RPAREN_tx" type="nodeFlux"/>
            <flux fluxValue="-1.4714" id="R_NADtx" type="nodeFlux"/>
            <flux fluxValue="-5.1051" id="R_ACALDtx" type="nodeFlux"/>
            <flux fluxValue="10" id="R_ALANA1tx" type="nodeFlux"/>
            <flux fluxValue="-10" id="R_ALAtx" type="nodeFlux"/>
            <flux fluxValue="5.1051" id="R_ETOHtx" type="nodeFlux"/>
            <flux fluxValue="-1.4714" id="R_FADH2tx" type="nodeFlux"/>
            <flux fluxValue="1.4714" id="R_FADtx" type="nodeFlux"/>
            <flux fluxValue="0.015634" id="R_1ACPCtm" type="nodeFlux"/>
            <flux fluxValue="-5.2867" id="R_2PGtm" type="nodeFlux"/>
            <flux fluxValue="20.3592" id="R_ACCOAtm" type="nodeFlux"/>
            <flux fluxValue="-4.7657e-27" id="R_ACtm" type="nodeFlux"/>
            <flux fluxValue="-2.4411e-17" id="R_ADNtm" type="nodeFlux"/>
            <flux fluxValue="-2.9795" id="R_AKG_LPAREN_na_RPAREN_tm" type="nodeFlux"/>
            <flux fluxValue="0.22124" id="R_ALANA1tm" type="nodeFlux"/>
            <flux fluxValue="0.032949" id="R_AMETt2m" type="nodeFlux"/>
            <flux fluxValue="0.048732" id="R_ARG_DASH_Ltm" type="nodeFlux"/>
            <flux fluxValue="-0.048732" id="R_CITRLtm" type="nodeFlux"/>
            <flux fluxValue="-5.1011" id="R_CO2tm" type="nodeFlux"/>
            <flux fluxValue="-1.3526e-27" id="R_COAtm" type="nodeFlux"/>
            <flux fluxValue="0.0011341" id="R_DATPtm" type="nodeFlux"/>
            <flux fluxValue="0.0020163" id="R_DCTPtm" type="nodeFlux"/>
            <flux fluxValue="-0.08787" id="R_DHORStm" type="nodeFlux"/>
            <flux fluxValue="-0.17486" id="R_DICtm" type="nodeFlux"/>
            <flux fluxValue="0.0011341" id="R_DTTPtm" type="nodeFlux"/>
            <flux fluxValue="-9.8584" id="R_ETOHtm" type="nodeFlux"/>
            <flux fluxValue="0.40077" id="R_FA40COAtm" type="nodeFlux"/>
            <flux fluxValue="1.4714" id="R_FADH2tm" type="nodeFlux"/>
            <flux fluxValue="-1.4714" id="R_FADtm" type="nodeFlux"/>
            <flux fluxValue="0.07316" id="R_FORtmi" type="nodeFlux"/>
            <flux fluxValue="0.20037" id="R_GLUNA1tm" type="nodeFlux"/>
            <flux fluxValue="-0.30253" id="R_GLYtm" type="nodeFlux"/>
            <flux fluxValue="9.3732" id="R_H2O2tm" type="nodeFlux"/>
            <flux fluxValue="-6.2765" id="R_H2Otm" type="nodeFlux"/>
            <flux fluxValue="0.006625" id="R_HCYStm" type="nodeFlux"/>
            <flux fluxValue="-1.5939e-28" id="R_MAL_LPAREN_na_RPAREN_tm" type="nodeFlux"/>
            <flux fluxValue="-8.471" id="R_MALOAAtm" type="nodeFlux"/>
            <flux fluxValue="-0.006625" id="R_METtm" type="nodeFlux"/>
            <flux fluxValue="-0.0011341" id="R_MLTHFtm" type="nodeFlux"/>
            <flux fluxValue="2.3863" id="R_NA1Htm" type="nodeFlux"/>
            <flux fluxValue="-1.1898e-30" id="R_NH4tm" type="nodeFlux"/>
            <flux fluxValue="0.25188" id="R_O2tmr" type="nodeFlux"/>
            <flux fluxValue="-2.7791" id="R_OAAAKGtm" type="nodeFlux"/>
            <flux fluxValue="-8.1537" id="R_OAAICITtm" type="nodeFlux"/>
            <flux fluxValue="0.048732" id="R_ORNtm" type="nodeFlux"/>
            <flux fluxValue="6.1959" id="R_PIcm" type="nodeFlux"/>
            <flux fluxValue="0.40077" id="R_PMTCOAtm" type="nodeFlux"/>
            <flux fluxValue="-0.015634" id="R_PPAtm" type="nodeFlux"/>
            <flux fluxValue="1.6904e-15" id="R_PPCOAtm" type="nodeFlux"/>
            <flux fluxValue="0.17162" id="R_SERNA1tm" type="nodeFlux"/>
            <flux fluxValue="-0.17486" id="R_SUCFUMtmr" type="nodeFlux"/>
            <flux fluxValue="0.0011341" id="R_THFtm" type="nodeFlux"/>
            <flux fluxValue="0.90488" id="R_UDPtm" type="nodeFlux"/>
            <flux fluxValue="-0.90488" id="R_UTPtm" type="nodeFlux"/>
            <flux fluxValue="-0.081857" id="R_VALtm" type="nodeFlux"/>
            <flux fluxValue="7.8184e-06" id="R_ACAROtu" type="nodeFlux"/>
            <flux fluxValue="2.7001e-07" id="R_CAROtu" type="nodeFlux"/>
            <flux fluxValue="0.0040808" id="R_CHLDA2tu" type="nodeFlux"/>
            <flux fluxValue="0.0074618" id="R_CHLDBtu" type="nodeFlux"/>
            <flux fluxValue="1.138e-05" id="R_GCAROtu" type="nodeFlux"/>
            <flux fluxValue="11.7887" id="R_H2Othu" type="nodeFlux"/>
            <flux fluxValue="66.0333" id="R_Htu" type="nodeFlux"/>
            <flux fluxValue="2.901e-05" id="R_NADPHtu" type="nodeFlux"/>
            <flux fluxValue="-2.901e-05" id="R_NADPtu" type="nodeFlux"/>
            <flux fluxValue="3.292e-05" id="R_O2trhu" type="nodeFlux"/>
            <flux fluxValue="0.011543" id="R_PDPtu" type="nodeFlux"/>
            <flux fluxValue="-0.011543" id="R_PPItu" type="nodeFlux"/>
            <flux fluxValue="0.22124" id="R_AAT" type="nodeFlux"/>
            <flux fluxValue="0.3955" id="R_ASPO" type="nodeFlux"/>
            <flux fluxValue="0.25188" id="R_ASPOm" type="nodeFlux"/>
            <flux fluxValue="-0.047334" id="R_ASPATh" type="nodeFlux"/>
            <flux fluxValue="0.064115" id="R_ASPS" type="nodeFlux"/>
            <flux fluxValue="0.055864" id="R_ACGAM6PSi" type="nodeFlux"/>
            <flux fluxValue="0.055864" id="R_ACGAMPM" type="nodeFlux"/>
            <flux fluxValue="-0.055864" id="R_G6PDA" type="nodeFlux"/>
            <flux fluxValue="0.27272" id="R_UA4E" type="nodeFlux"/>
            <flux fluxValue="0.27272" id="R_UAD" type="nodeFlux"/>
            <flux fluxValue="0.055864" id="R_UDPACGLP" type="nodeFlux"/>
            <flux fluxValue="0.048732" id="R_AGGPR" type="nodeFlux"/>
            <flux fluxValue="0.048732" id="R_AGK" type="nodeFlux"/>
            <flux fluxValue="-2.0031e-17" id="R_AODAA" type="nodeFlux"/>
            <flux fluxValue="0.048732" id="R_AOTA" type="nodeFlux"/>
            <flux fluxValue="0.02701" id="R_G5DH" type="nodeFlux"/>
            <flux fluxValue="0.048732" id="R_GACT" type="nodeFlux"/>
            <flux fluxValue="0.02701" id="R_GSC" type="nodeFlux"/>
            <flux fluxValue="0.02701" id="R_P5CR" type="nodeFlux"/>
            <flux fluxValue="0.048732" id="R_ARGSL" type="nodeFlux"/>
            <flux fluxValue="0.048732" id="R_ARGSS" type="nodeFlux"/>
            <flux fluxValue="0.02701" id="R_GLU5K" type="nodeFlux"/>
            <flux fluxValue="0.048732" id="R_OCTm" type="nodeFlux"/>
            <flux fluxValue="3.9092e-06" id="R_ASCBOR" type="nodeFlux"/>
            <flux fluxValue="0.04634" id="R_CMK" type="nodeFlux"/>
            <flux fluxValue="0.04634" id="R_CMS" type="nodeFlux"/>
            <flux fluxValue="0.04634" id="R_DXRI" type="nodeFlux"/>
            <flux fluxValue="0.04634" id="R_DXS" type="nodeFlux"/>
            <flux fluxValue="0.011585" id="R_FPPSh" type="nodeFlux"/>
            <flux fluxValue="0.011543" id="R_GGDR" type="nodeFlux"/>
            <flux fluxValue="0.011585" id="R_GGPS" type="nodeFlux"/>
            <flux fluxValue="0.011585" id="R_GPPSh" type="nodeFlux"/>
            <flux fluxValue="0.04634" id="R_HDS" type="nodeFlux"/>
            <flux fluxValue="0.034755" id="R_IDS1" type="nodeFlux"/>
            <flux fluxValue="0.011585" id="R_IDS2" type="nodeFlux"/>
            <flux fluxValue="0.04634" id="R_MCS" type="nodeFlux"/>
            <flux fluxValue="0.10207" id="R_3OACOAR" type="nodeFlux"/>
            <flux fluxValue="0.10207" id="R_3OACOAS" type="nodeFlux"/>
            <flux fluxValue="0.10207" id="R_ECOAH8" type="nodeFlux"/>
            <flux fluxValue="0.10207" id="R_ECOAR" type="nodeFlux"/>
            <flux fluxValue="0.070758" id="R_FACOAE160" type="nodeFlux"/>
            <flux fluxValue="0.10207" id="R_FACOAE180" type="nodeFlux"/>
            <flux fluxValue="0.013145" id="R_BCACT" type="nodeFlux"/>
            <flux fluxValue="-0.41392" id="R_BCOR" type="nodeFlux"/>
            <flux fluxValue="0.41392" id="R_HBCHL" type="nodeFlux"/>
            <flux fluxValue="0.41392" id="R_HBCO_LPAREN_nadp_RPAREN_" type="nodeFlux"/>
            <flux fluxValue="1.1849" id="R_ALAAT" type="nodeFlux"/>
            <flux fluxValue="4.5011" id="R_FBA3hi" type="nodeFlux"/>
            <flux fluxValue="6.7925" id="R_GAPDH_LPAREN_nadp_RPAREN_hi" type="nodeFlux"/>
            <flux fluxValue="0.88869" id="R_HCO3Ehi" type="nodeFlux"/>
            <flux fluxValue="9.8175" id="R_HCO3E" type="nodeFlux"/>
            <flux fluxValue="-0.1366" id="R_HCO3Em" type="nodeFlux"/>
            <flux fluxValue="0.044973" id="R_PPDKh" type="nodeFlux"/>
            <flux fluxValue="4.5011" id="R_SBP" type="nodeFlux"/>
            <flux fluxValue="-0.33975" id="R_ASPATm" type="nodeFlux"/>
            <flux fluxValue="-8.3435" id="R_MDHC_LPAREN_nadp_RPAREN_hr" type="nodeFlux"/>
            <flux fluxValue="-4.1149e-06" id="R_ANXANASCOR" type="nodeFlux"/>
            <flux fluxValue="5.3494e-06" id="R_BCAROH" type="nodeFlux"/>
            <flux fluxValue="5.3494e-06" id="R_BCRPTXANH" type="nodeFlux"/>
            <flux fluxValue="7.8184e-06" id="R_CHYA2" type="nodeFlux"/>
            <flux fluxValue="7.8184e-06" id="R_CXHY" type="nodeFlux"/>
            <flux fluxValue="9.8759e-06" id="R_LCYA" type="nodeFlux"/>
            <flux fluxValue="1.138e-05" id="R_LCYB" type="nodeFlux"/>
            <flux fluxValue="9.8759e-06" id="R_LCYD" type="nodeFlux"/>
            <flux fluxValue="1.138e-05" id="R_LCYG" type="nodeFlux"/>
            <flux fluxValue="2.6747e-06" id="R_LUTH" type="nodeFlux"/>
            <flux fluxValue="2.2632e-06" id="R_NEOXANS" type="nodeFlux"/>
            <flux fluxValue="2.1256e-05" id="R_NOR" type="nodeFlux"/>
            <flux fluxValue="2.1256e-05" id="R_PDS1" type="nodeFlux"/>
            <flux fluxValue="2.1256e-05" id="R_PDS2" type="nodeFlux"/>
            <flux fluxValue="2.1256e-05" id="R_PSY" type="nodeFlux"/>
            <flux fluxValue="-3.7035e-06" id="R_VIOXANOR" type="nodeFlux"/>
            <flux fluxValue="2.1256e-05" id="R_ZDS" type="nodeFlux"/>
            <flux fluxValue="1.4714" id="R_ETF" type="nodeFlux"/>
            <flux fluxValue="1.4714" id="R_ETFQO" type="nodeFlux"/>
            <flux fluxValue="0.012995" id="R_CYSTBL" type="nodeFlux"/>
            <flux fluxValue="5.3244e-18" id="R_3HAD160" type="nodeFlux"/>
            <flux fluxValue="0.029941" id="R_3HAD181" type="nodeFlux"/>
            <flux fluxValue="5.3244e-18" id="R_3OAR160" type="nodeFlux"/>
            <flux fluxValue="0.029941" id="R_3OAR181" type="nodeFlux"/>
            <flux fluxValue="5.3244e-18" id="R_3OAS160" type="nodeFlux"/>
            <flux fluxValue="0.029941" id="R_3OAS181" type="nodeFlux"/>
            <flux fluxValue="0.030358" id="R_ACP1619ZD9DS" type="nodeFlux"/>
            <flux fluxValue="0.092007" id="R_ACP1819ZD9DS" type="nodeFlux"/>
            <flux fluxValue="5.3244e-18" id="R_EAR160y" type="nodeFlux"/>
            <flux fluxValue="0.015731" id="R_EAR181x" type="nodeFlux"/>
            <flux fluxValue="0.01421" id="R_EAR181y" type="nodeFlux"/>
            <flux fluxValue="0.055769" id="R_FA1819ZACPH" type="nodeFlux"/>
            <flux fluxValue="0.027906" id="R_FA181ACPHi" type="nodeFlux"/>
            <flux fluxValue="0.029941" id="R_MCOATA" type="nodeFlux"/>
            <flux fluxValue="0.40077" id="R_ACACT2m" type="nodeFlux"/>
            <flux fluxValue="0.40077" id="R_ACACT3m" type="nodeFlux"/>
            <flux fluxValue="0.40077" id="R_ACACT4m" type="nodeFlux"/>
            <flux fluxValue="0.40077" id="R_ACACT5m" type="nodeFlux"/>
            <flux fluxValue="0.40077" id="R_ACACT6m" type="nodeFlux"/>
            <flux fluxValue="0.40077" id="R_ACACT7m" type="nodeFlux"/>
            <flux fluxValue="0.40077" id="R_ACOAR2m" type="nodeFlux"/>
            <flux fluxValue="0.40077" id="R_ACOAR3m" type="nodeFlux"/>
            <flux fluxValue="0.40077" id="R_ACOAR4m" type="nodeFlux"/>
            <flux fluxValue="0.40077" id="R_ACOAR5m" type="nodeFlux"/>
            <flux fluxValue="0.40077" id="R_ACOAR6m" type="nodeFlux"/>
            <flux fluxValue="0.40077" id="R_ACOAR7m" type="nodeFlux"/>
            <flux fluxValue="0.40077" id="R_ECOAH2m" type="nodeFlux"/>
            <flux fluxValue="0.40077" id="R_ECOAH3m" type="nodeFlux"/>
            <flux fluxValue="0.40077" id="R_ECOAH4m" type="nodeFlux"/>
            <flux fluxValue="0.40077" id="R_ECOAH5m" type="nodeFlux"/>
            <flux fluxValue="0.40077" id="R_ECOAH6m" type="nodeFlux"/>
            <flux fluxValue="0.40077" id="R_ECOAH7m" type="nodeFlux"/>
            <flux fluxValue="0.40077" id="R_HACD2m" type="nodeFlux"/>
            <flux fluxValue="0.40077" id="R_HACD3m" type="nodeFlux"/>
            <flux fluxValue="0.40077" id="R_HACD4m" type="nodeFlux"/>
            <flux fluxValue="0.40077" id="R_HACD5m" type="nodeFlux"/>
            <flux fluxValue="0.40077" id="R_HACD6m" type="nodeFlux"/>
            <flux fluxValue="0.40077" id="R_HACD7m" type="nodeFlux"/>
            <flux fluxValue="0.070759" id="R_AACPS3" type="nodeFlux"/>
            <flux fluxValue="0.092007" id="R_AACPS6" type="nodeFlux"/>
            <flux fluxValue="0.2102" id="R_ACACT1" type="nodeFlux"/>
            <flux fluxValue="0.2102" id="R_ACACT2" type="nodeFlux"/>
            <flux fluxValue="0.2102" id="R_ACACT3" type="nodeFlux"/>
            <flux fluxValue="0.2102" id="R_ACACT4" type="nodeFlux"/>
            <flux fluxValue="0.2102" id="R_ACACT5" type="nodeFlux"/>
            <flux fluxValue="0.2102" id="R_ACACT6" type="nodeFlux"/>
            <flux fluxValue="0.2102" id="R_ACACT7" type="nodeFlux"/>
            <flux fluxValue="0.2102" id="R_ACOA100OR" type="nodeFlux"/>
            <flux fluxValue="0.2102" id="R_ACOA120OR" type="nodeFlux"/>
            <flux fluxValue="0.2102" id="R_ACOA140OR" type="nodeFlux"/>
            <flux fluxValue="0.2102" id="R_ACOA160OR" type="nodeFlux"/>
            <flux fluxValue="0.2102" id="R_ACOA40OR" type="nodeFlux"/>
            <flux fluxValue="0.2102" id="R_ACOA60OR" type="nodeFlux"/>
            <flux fluxValue="0.2102" id="R_ACOA80OR" type="nodeFlux"/>
            <flux fluxValue="0.0070942" id="R_CACOAL" type="nodeFlux"/>
            <flux fluxValue="0.2102" id="R_ECOAH1" type="nodeFlux"/>
            <flux fluxValue="0.2102" id="R_ECOAH2" type="nodeFlux"/>
            <flux fluxValue="0.2102" id="R_ECOAH3" type="nodeFlux"/>
            <flux fluxValue="0.2102" id="R_ECOAH4" type="nodeFlux"/>
            <flux fluxValue="0.2102" id="R_ECOAH5" type="nodeFlux"/>
            <flux fluxValue="0.2102" id="R_ECOAH6" type="nodeFlux"/>
            <flux fluxValue="0.2102" id="R_ECOAH7" type="nodeFlux"/>
            <flux fluxValue="0.2102" id="R_HACD1" type="nodeFlux"/>
            <flux fluxValue="0.2102" id="R_HACD2" type="nodeFlux"/>
            <flux fluxValue="0.2102" id="R_HACD3" type="nodeFlux"/>
            <flux fluxValue="0.2102" id="R_HACD4" type="nodeFlux"/>
            <flux fluxValue="0.2102" id="R_HACD5" type="nodeFlux"/>
            <flux fluxValue="0.2102" id="R_HACD6" type="nodeFlux"/>
            <flux fluxValue="0.2102" id="R_HACD7" type="nodeFlux"/>
            <flux fluxValue="0.007079" id="R_PACOAL" type="nodeFlux"/>
            <flux fluxValue="0.003263" id="R_AGAKI" type="nodeFlux"/>
            <flux fluxValue="0.25139" id="R_GAMPG" type="nodeFlux"/>
            <flux fluxValue="-0.003263" id="R_MAKI" type="nodeFlux"/>
            <flux fluxValue="-0.25139" id="R_MPAKI" type="nodeFlux"/>
            <flux fluxValue="0.25139" id="R_MPPM" type="nodeFlux"/>
            <flux fluxValue="0.39713" id="R_UG4E" type="nodeFlux"/>
            <flux fluxValue="0.29426" id="R_GAL" type="nodeFlux"/>
            <flux fluxValue="0.020488" id="R_GDR" type="nodeFlux"/>
            <flux fluxValue="-2.4202e-30" id="R_GDR_LPAREN_nadp_RPAREN_h" type="nodeFlux"/>
            <flux fluxValue="0.04634" id="R_GDRh" type="nodeFlux"/>
            <flux fluxValue="0.09209" id="R_GLUS_LPAREN_ferr_RPAREN_" type="nodeFlux"/>
            <flux fluxValue="0.09209" id="R_GALh" type="nodeFlux"/>
            <flux fluxValue="0.1366" id="R_GALm" type="nodeFlux"/>
            <flux fluxValue="-0.020488" id="R_GTHAMPOR" type="nodeFlux"/>
            <flux fluxValue="-0.04634" id="R_GTHPDSOR" type="nodeFlux"/>
            <flux fluxValue="0.00069132" id="R_ACOADAGAT16018111Z160" type="nodeFlux"/>
            <flux fluxValue="0.00066881" id="R_ACOADAGAT16018111Z180" type="nodeFlux"/>
            <flux fluxValue="0.00067038" id="R_ACOADAGAT16018111Z18111Z" type="nodeFlux"/>
            <flux fluxValue="0.00067038" id="R_ACOADAGAT16018111Z1819Z" type="nodeFlux"/>
            <flux fluxValue="0.00067354" id="R_ACOADAGAT16018111Z1835Z9Z12Z" type="nodeFlux"/>
            <flux fluxValue="0.00067512" id="R_ACOADAGAT16018111Z1845Z9Z12Z15Z" type="nodeFlux"/>
            <flux fluxValue="0.00069132" id="R_ACOADAGAT1601819Z160" type="nodeFlux"/>
            <flux fluxValue="0.00066881" id="R_ACOADAGAT1601819Z180" type="nodeFlux"/>
            <flux fluxValue="0.00067038" id="R_ACOADAGAT1601819Z18111Z" type="nodeFlux"/>
            <flux fluxValue="0.00067038" id="R_ACOADAGAT1601819Z1819Z" type="nodeFlux"/>
            <flux fluxValue="0.00067354" id="R_ACOADAGAT1601819Z1835Z9Z12Z" type="nodeFlux"/>
            <flux fluxValue="0.00067512" id="R_ACOADAGAT1601819Z1845Z9Z12Z15Z" type="nodeFlux"/>
            <flux fluxValue="0.00066881" id="R_ACOADAGAT1801819Z160" type="nodeFlux"/>
            <flux fluxValue="0.00064771" id="R_ACOADAGAT1801819Z180" type="nodeFlux"/>
            <flux fluxValue="0.00064919" id="R_ACOADAGAT1801819Z18111Z" type="nodeFlux"/>
            <flux fluxValue="0.00064919" id="R_ACOADAGAT1801819Z1819Z" type="nodeFlux"/>
            <flux fluxValue="0.00065215" id="R_ACOADAGAT1801819Z1835Z9Z12Z" type="nodeFlux"/>
            <flux fluxValue="0.00065364" id="R_ACOADAGAT1801819Z1845Z9Z12Z15Z" type="nodeFlux"/>
            <flux fluxValue="0.00067038" id="R_ACOADAGAT18111Z18111Z160" type="nodeFlux"/>
            <flux fluxValue="0.00064919" id="R_ACOADAGAT18111Z18111Z180" type="nodeFlux"/>
            <flux fluxValue="0.00065067" id="R_ACOADAGAT18111Z18111Z18111Z" type="nodeFlux"/>
            <flux fluxValue="0.00065067" id="R_ACOADAGAT18111Z18111Z1819Z" type="nodeFlux"/>
            <flux fluxValue="0.00065365" id="R_ACOADAGAT18111Z18111Z1835Z9Z12Z" type="nodeFlux"/>
            <flux fluxValue="0.00065514" id="R_ACOADAGAT18111Z18111Z1845Z9Z12Z15Z" type="nodeFlux"/>
            <flux fluxValue="0.00067038" id="R_ACOADAGAT18111Z1819Z160" type="nodeFlux"/>
            <flux fluxValue="0.00064919" id="R_ACOADAGAT18111Z1819Z180" type="nodeFlux"/>
            <flux fluxValue="0.00065067" id="R_ACOADAGAT18111Z1819Z18111Z" type="nodeFlux"/>
            <flux fluxValue="0.00065067" id="R_ACOADAGAT18111Z1819Z1819Z" type="nodeFlux"/>
            <flux fluxValue="0.00065365" id="R_ACOADAGAT18111Z1819Z1835Z9Z12Z" type="nodeFlux"/>
            <flux fluxValue="0.00065514" id="R_ACOADAGAT18111Z1819Z1845Z9Z12Z15Z" type="nodeFlux"/>
            <flux fluxValue="0.00067038" id="R_ACOADAGAT1819Z18111Z160" type="nodeFlux"/>
            <flux fluxValue="0.00064919" id="R_ACOADAGAT1819Z18111Z180" type="nodeFlux"/>
            <flux fluxValue="0.00065067" id="R_ACOADAGAT1819Z18111Z18111Z" type="nodeFlux"/>
            <flux fluxValue="0.00065067" id="R_ACOADAGAT1819Z18111Z1819Z" type="nodeFlux"/>
            <flux fluxValue="0.00065365" id="R_ACOADAGAT1819Z18111Z1835Z9Z12Z" type="nodeFlux"/>
            <flux fluxValue="0.00065514" id="R_ACOADAGAT1819Z18111Z1845Z9Z12Z15Z" type="nodeFlux"/>
            <flux fluxValue="0.00067038" id="R_ACOADAGAT1819Z1819Z160" type="nodeFlux"/>
            <flux fluxValue="0.00064919" id="R_ACOADAGAT1819Z1819Z180" type="nodeFlux"/>
            <flux fluxValue="0.00065067" id="R_ACOADAGAT1819Z1819Z18111Z" type="nodeFlux"/>
            <flux fluxValue="0.00065067" id="R_ACOADAGAT1819Z1819Z1819Z" type="nodeFlux"/>
            <flux fluxValue="0.00065365" id="R_ACOADAGAT1819Z1819Z1835Z9Z12Z" type="nodeFlux"/>
            <flux fluxValue="0.00065514" id="R_ACOADAGAT1819Z1819Z1845Z9Z12Z15Z" type="nodeFlux"/>
            <flux fluxValue="4.0042e-05" id="R_ACPT16018111Z" type="nodeFlux"/>
            <flux fluxValue="0.0037375" id="R_ACPT1601819Z" type="nodeFlux"/>
            <flux fluxValue="3.8678e-05" id="R_ACPT18111Z18111Z" type="nodeFlux"/>
            <flux fluxValue="0.0004937" id="R_ACPT18111Z1819Z" type="nodeFlux"/>
            <flux fluxValue="0.00025243" id="R_ACPT1819Z18111Z" type="nodeFlux"/>
            <flux fluxValue="0.0025732" id="R_ACPT1819Z1819Z" type="nodeFlux"/>
            <flux fluxValue="0.0012724" id="R_AGPAT160h" type="nodeFlux"/>
            <flux fluxValue="0.0020352" id="R_AGPAT18111Z160h" type="nodeFlux"/>
            <flux fluxValue="0.035821" id="R_AGPAT1819Z160h" type="nodeFlux"/>
            <flux fluxValue="0.00041688" id="R_AGPAT1819Z1619Zh" type="nodeFlux"/>
            <flux fluxValue="0.0040896" id="R_AGPATCOA16018111Z" type="nodeFlux"/>
            <flux fluxValue="0.007787" id="R_AGPATCOA1601819Z" type="nodeFlux"/>
            <flux fluxValue="0.0054812" id="R_AGPATCOA1801819Z" type="nodeFlux"/>
            <flux fluxValue="0.00099873" id="R_AGPATCOA18111Z160" type="nodeFlux"/>
            <flux fluxValue="0.0039684" id="R_AGPATCOA18111Z18111Z" type="nodeFlux"/>
            <flux fluxValue="0.0061064" id="R_AGPATCOA18111Z1819Z" type="nodeFlux"/>
            <flux fluxValue="0.00013445" id="R_AGPATCOA1819Z160" type="nodeFlux"/>
            <flux fluxValue="0.0041821" id="R_AGPATCOA1819Z18111Z" type="nodeFlux"/>
            <flux fluxValue="0.0066561" id="R_AGPATCOA1819Z1819Z" type="nodeFlux"/>
            <flux fluxValue="0.045691" id="R_ALCD19" type="nodeFlux"/>
            <flux fluxValue="0.0012366" id="R_ASQDCADS1829Z12Z160" type="nodeFlux"/>
            <flux fluxValue="0.0006189" id="R_ASQDCADS1839Z12Z15Z160" type="nodeFlux"/>
            <flux fluxValue="0.0012343" id="R_ASQDPADS1829Z12Z160" type="nodeFlux"/>
            <flux fluxValue="0.00061774" id="R_ASQDPADS1839Z12Z15Z160" type="nodeFlux"/>
            <flux fluxValue="0.00097914" id="R_DGDGD4DS1819Z1634Z7Z10Z" type="nodeFlux"/>
            <flux fluxValue="0.00014018" id="R_DGDGD4DS1839Z12Z15Z1644Z7Z10Z13Z" type="nodeFlux"/>
            <flux fluxValue="0.0017978" id="R_DGDGD7DS1819Z1617Z" type="nodeFlux"/>
            <flux fluxValue="0.0010986" id="R_DGDGD7DS1829Z12Z1617Z" type="nodeFlux"/>
            <flux fluxValue="0.36224" id="R_DGDGGH1819Z1619Z" type="nodeFlux"/>
            <flux fluxValue="0.00021033" id="R_DGDGGH1829Z12Z1634Z7Z10Z" type="nodeFlux"/>
            <flux fluxValue="0.00021033" id="R_DGDGGH1829Z12Z1637Z10Z13Z" type="nodeFlux"/>
            <flux fluxValue="0.006779" id="R_DGDGS1819Z160" type="nodeFlux"/>
            <flux fluxValue="0.36256" id="R_DGDGS1819Z1619Z" type="nodeFlux"/>
            <flux fluxValue="0.00045432" id="R_DGDGW3DS1819Z1637Z10Z13Z" type="nodeFlux"/>
            <flux fluxValue="0.0012505" id="R_DGDGW3DS1839Z12Z15Z160" type="nodeFlux"/>
            <flux fluxValue="0.00066375" id="R_DGDGW3DS1839Z12Z15Z1627Z10Z" type="nodeFlux"/>
            <flux fluxValue="0.00052482" id="R_DGDGW3DS1839Z12Z15Z1634Z7Z10Z" type="nodeFlux"/>
            <flux fluxValue="0.00038464" id="R_DGDGW3DS1839Z12Z15Z1637Z10Z13Z2" type="nodeFlux"/>
            <flux fluxValue="0.0016419" id="R_DGDGW6DS1819Z1627Z10Z" type="nodeFlux"/>
            <flux fluxValue="0.004082" id="R_DGDGW6DS1829Z12Z160" type="nodeFlux"/>
            <flux fluxValue="0.00015631" id="R_DGDGW6DS1829Z12Z1619Z" type="nodeFlux"/>
            <flux fluxValue="0.00094226" id="R_DGDGW6DS1829Z12Z1627Z10Z2" type="nodeFlux"/>
            <flux fluxValue="0.0008747" id="R_DGDGW6DS1829Z12Z1634Z7Z10Z" type="nodeFlux"/>
            <flux fluxValue="0.00034989" id="R_DGDGW6DS1829Z12Z1637Z10Z13Z" type="nodeFlux"/>
            <flux fluxValue="0.0031193" id="R_DGTSD5DS1601835Z9Z12Z" type="nodeFlux"/>
            <flux fluxValue="0.00035032" id="R_DGTSD5DS18111Z1835Z9Z12Z" type="nodeFlux"/>
            <flux fluxValue="0.00035032" id="R_DGTSD5DS1819Z1835Z9Z12Z" type="nodeFlux"/>
            <flux fluxValue="0.0016557" id="R_DGTSD5DS1829Z12Z1835Z9Z12Z" type="nodeFlux"/>
            <flux fluxValue="0.0036974" id="R_DGTSDS1601829Z12Z" type="nodeFlux"/>
            <flux fluxValue="0.0010901" id="R_DGTSDS1601845Z9Z12Z15Z" type="nodeFlux"/>
            <flux fluxValue="0.00045503" id="R_DGTSDS18111Z1829Z12Z" type="nodeFlux"/>
            <flux fluxValue="0.00014035" id="R_DGTSDS18111Z1845Z9Z12Z15Z" type="nodeFlux"/>
            <flux fluxValue="0.00045503" id="R_DGTSDS1819Z1829Z12Z" type="nodeFlux"/>
            <flux fluxValue="0.00014035" id="R_DGTSDS1819Z1845Z9Z12Z15Z" type="nodeFlux"/>
            <flux fluxValue="0.00021375" id="R_DGTSDS1829Z12Z18111Z" type="nodeFlux"/>
            <flux fluxValue="0.0020795" id="R_DGTSDS1829Z12Z1819Z" type="nodeFlux"/>
            <flux fluxValue="0.0018657" id="R_DGTSDS1829Z12Z1829Z12Z1" type="nodeFlux"/>
            <flux fluxValue="0.00025074" id="R_DGTSDS1829Z12Z1845Z9Z12Z15Z2" type="nodeFlux"/>
            <flux fluxValue="0.00017497" id="R_DGTSDS1839Z12Z15Z18111Z" type="nodeFlux"/>
            <flux fluxValue="0.00017497" id="R_DGTSDS1839Z12Z15Z1819Z" type="nodeFlux"/>
            <flux fluxValue="0.0005629" id="R_DGTSDS1839Z12Z15Z1835Z9Z12Z" type="nodeFlux"/>
            <flux fluxValue="0.00021165" id="R_DGTSDS1839Z12Z15Z1845Z9Z12Z15Z1" type="nodeFlux"/>
            <flux fluxValue="0.010063" id="R_FACOAL180" type="nodeFlux"/>
            <flux fluxValue="0.055769" id="R_FACOAL181" type="nodeFlux"/>
            <flux fluxValue="0.027906" id="R_FACOAL18111Z" type="nodeFlux"/>
            <flux fluxValue="0.011877" id="R_G3PAT160" type="nodeFlux"/>
            <flux fluxValue="0.0012724" id="R_G3PAT160h" type="nodeFlux"/>
            <flux fluxValue="0.0054812" id="R_G3PAT180" type="nodeFlux"/>
            <flux fluxValue="0.011073" id="R_G3PAT181" type="nodeFlux"/>
            <flux fluxValue="0.010973" id="R_G3PAT1819Z" type="nodeFlux"/>
            <flux fluxValue="0.036237" id="R_G3PAT1819Zh" type="nodeFlux"/>
            <flux fluxValue="0.0020352" id="R_G3PAT181h" type="nodeFlux"/>
            <flux fluxValue="0.045691" id="R_GLYALDOR" type="nodeFlux"/>
            <flux fluxValue="0.039404" id="R_GLYK" type="nodeFlux"/>
            <flux fluxValue="0.0016872" id="R_MGDGD4DS1819Z1644Z7Z10Z13Z" type="nodeFlux"/>
            <flux fluxValue="0.0016872" id="R_MGDGD4DS1839Z12Z15Z1634Z7Z10Z" type="nodeFlux"/>
            <flux fluxValue="0.020389" id="R_MGDGD7DS1819Z1617Z" type="nodeFlux"/>
            <flux fluxValue="0.027377" id="R_MGDGS1819Z160" type="nodeFlux"/>
            <flux fluxValue="0.00041688" id="R_MGDGS1819Z1619Z" type="nodeFlux"/>
            <flux fluxValue="0.0016872" id="R_MGDGW3DS1819Z1637Z10Z13Z" type="nodeFlux"/>
            <flux fluxValue="0.0001046" id="R_MGDGW3DS1839Z12Z15Z160" type="nodeFlux"/>
            <flux fluxValue="0.018387" id="R_MGDGW3DS1839Z12Z15Z1627Z10Z" type="nodeFlux"/>
            <flux fluxValue="0.01649" id="R_MGDGW3DS1839Z12Z15Z1637Z10Z13Z2" type="nodeFlux"/>
            <flux fluxValue="0.014803" id="R_MGDGW3DS1839Z12Z15Z1644Z7Z10Z13Z2" type="nodeFlux"/>
            <flux fluxValue="0.0016872" id="R_MGDGW6DS1819Z1627Z10Z" type="nodeFlux"/>
            <flux fluxValue="0.00020892" id="R_MGDGW6DS1829Z12Z160" type="nodeFlux"/>
            <flux fluxValue="0.018702" id="R_MGDGW6DS1829Z12Z1617Z" type="nodeFlux"/>
            <flux fluxValue="0.0001046" id="R_MGDGW6DS1829Z12Z1619Z" type="nodeFlux"/>
            <flux fluxValue="0.018597" id="R_MGDGW6DS1829Z12Z1627Z10Z2" type="nodeFlux"/>
            <flux fluxValue="0.0016872" id="R_MGDGW6DS1829Z12Z1644Z7Z10Z13Z" type="nodeFlux"/>
            <flux fluxValue="0.0040896" id="R_PAPA16018111Z" type="nodeFlux"/>
            <flux fluxValue="0.007787" id="R_PAPA1601819Z" type="nodeFlux"/>
            <flux fluxValue="0.0012724" id="R_PAPA160h" type="nodeFlux"/>
            <flux fluxValue="0.0054812" id="R_PAPA1801819Z" type="nodeFlux"/>
            <flux fluxValue="0.0039684" id="R_PAPA181" type="nodeFlux"/>
            <flux fluxValue="0.0014834" id="R_PAPA18111Z160h" type="nodeFlux"/>
            <flux fluxValue="0.0061064" id="R_PAPA18111Z1819Z" type="nodeFlux"/>
            <flux fluxValue="0.032114" id="R_PAPA1819Z160h" type="nodeFlux"/>
            <flux fluxValue="0.00041688" id="R_PAPA1819Z1619Zh" type="nodeFlux"/>
            <flux fluxValue="0.0041821" id="R_PAPA1819Z18111Z" type="nodeFlux"/>
            <flux fluxValue="0.0066561" id="R_PAPA1819Z1819Z" type="nodeFlux"/>
            <flux fluxValue="0.0086547" id="R_PED5DS1801835Z9Z12Z" type="nodeFlux"/>
            <flux fluxValue="0.008762" id="R_PED5DS18111Z1835Z9Z12Z" type="nodeFlux"/>
            <flux fluxValue="0.00015327" id="R_PED5DS1819Z1835Z9Z12Z" type="nodeFlux"/>
            <flux fluxValue="0.0086547" id="R_PEDS1801829Z12Z" type="nodeFlux"/>
            <flux fluxValue="0.0074342" id="R_PEDS1801845Z9Z12Z15Z" type="nodeFlux"/>
            <flux fluxValue="0.008762" id="R_PEDS18111Z1829Z12Z" type="nodeFlux"/>
            <flux fluxValue="6.6172e-05" id="R_PEDS18111Z1845Z9Z12Z15Z" type="nodeFlux"/>
            <flux fluxValue="0.00015327" id="R_PEDS1819Z1829Z12Z" type="nodeFlux"/>
            <flux fluxValue="2.0052e-06" id="R_PEDS1819Z1845Z9Z12Z15Z" type="nodeFlux"/>
            <flux fluxValue="0.00010227" id="R_PEDS1829Z12Z1835Z9Z12Z" type="nodeFlux"/>
            <flux fluxValue="1.0275e-35" id="R_PLDAGAT16018111Z1602" type="nodeFlux"/>
            <flux fluxValue="1.0275e-35" id="R_PLDAGAT1601819Z1602" type="nodeFlux"/>
            <flux fluxValue="1.0138e-35" id="R_PLDAGAT18111Z18111Z1602" type="nodeFlux"/>
            <flux fluxValue="1.0138e-35" id="R_PLDAGAT18111Z1819Z1602" type="nodeFlux"/>
            <flux fluxValue="1.0138e-35" id="R_PLDAGAT1819Z18111Z1602" type="nodeFlux"/>
            <flux fluxValue="1.0138e-35" id="R_PLDAGAT1819Z1819Z1601" type="nodeFlux"/>
            <flux fluxValue="0.00061658" id="R_SQDGATCA18111Z160" type="nodeFlux"/>
            <flux fluxValue="0.0018532" id="R_SQDGATCA1819Z160" type="nodeFlux"/>
            <flux fluxValue="0.00061544" id="R_SQDGATPA18111Z160" type="nodeFlux"/>
            <flux fluxValue="0.0018498" id="R_SQDGATPA1819Z160" type="nodeFlux"/>
            <flux fluxValue="0.0012724" id="R_SQDGS160" type="nodeFlux"/>
            <flux fluxValue="0.0014834" id="R_SQDGS18111Z160" type="nodeFlux"/>
            <flux fluxValue="0.0047367" id="R_SQDGS1819Z160" type="nodeFlux"/>
            <flux fluxValue="0.00040427" id="R_SQDGW3DS1839Z12Z15Z160" type="nodeFlux"/>
            <flux fluxValue="0.00078234" id="R_SQDGW6DS1829Z12Z160" type="nodeFlux"/>
            <flux fluxValue="4.0042e-05" id="R_TM16018111Z" type="nodeFlux"/>
            <flux fluxValue="0.0037375" id="R_TM1601819Z" type="nodeFlux"/>
            <flux fluxValue="3.8678e-05" id="R_TM18111Z18111Z" type="nodeFlux"/>
            <flux fluxValue="0.0004937" id="R_TM18111Z1819Z" type="nodeFlux"/>
            <flux fluxValue="0.00025243" id="R_TM1819Z18111Z" type="nodeFlux"/>
            <flux fluxValue="0.0025732" id="R_TM1819Z1819Z" type="nodeFlux"/>
            <flux fluxValue="0.0074926" id="R_UDPSQS" type="nodeFlux"/>
            <flux fluxValue="0.0070942" id="R_1AGPEAT1801819Z" type="nodeFlux"/>
            <flux fluxValue="0.007079" id="R_1AGPEAT18111Z1819Z" type="nodeFlux"/>
            <flux fluxValue="0.00099873" id="R_CDIPT18111Z160" type="nodeFlux"/>
            <flux fluxValue="0.00013445" id="R_CDIPT1819Z160" type="nodeFlux"/>
            <flux fluxValue="0.00099873" id="R_CDPDAGS18111Z160" type="nodeFlux"/>
            <flux fluxValue="0.00055179" id="R_CDPDAGS18111Z160h" type="nodeFlux"/>
            <flux fluxValue="0.00013445" id="R_CDPDAGS1819Z160" type="nodeFlux"/>
            <flux fluxValue="0.0037068" id="R_CDPDAGS1819Z160h" type="nodeFlux"/>
            <flux fluxValue="0.0033968" id="R_ETHAK" type="nodeFlux"/>
            <flux fluxValue="0.0015605" id="R_ETHAPT1801819Z" type="nodeFlux"/>
            <flux fluxValue="0.001683" id="R_ETHAPT18111Z1819Z" type="nodeFlux"/>
            <flux fluxValue="0.00015327" id="R_ETHAPT1819Z1819Z" type="nodeFlux"/>
            <flux fluxValue="-0.013909" id="R_G3PD1" type="nodeFlux"/>
            <flux fluxValue="0.057713" id="R_G3PO" type="nodeFlux"/>
            <flux fluxValue="0.0033968" id="R_PETHCT" type="nodeFlux"/>
            <flux fluxValue="0.00023381" id="R_PGD3TDS18111Z1613E" type="nodeFlux"/>
            <flux fluxValue="0.00023381" id="R_PGD3TDS1819Z1613E" type="nodeFlux"/>
            <flux fluxValue="0.0017477" id="R_PGD3TDS1829Z12Z1613E" type="nodeFlux"/>
            <flux fluxValue="0.00064113" id="R_PGD3TDS1839Z12Z15Z1613E" type="nodeFlux"/>
            <flux fluxValue="0.00055179" id="R_PGPP18111Z160h" type="nodeFlux"/>
            <flux fluxValue="0.0037068" id="R_PGPP1819Z160h" type="nodeFlux"/>
            <flux fluxValue="0.00055179" id="R_PGPS18111Z160h" type="nodeFlux"/>
            <flux fluxValue="0.0037068" id="R_PGPS1819Z160h" type="nodeFlux"/>
            <flux fluxValue="0.0010248" id="R_PGW3DS1839Z12Z15Z160" type="nodeFlux"/>
            <flux fluxValue="0.0031551" id="R_PGW6DS1829Z12Z160" type="nodeFlux"/>
            <flux fluxValue="0.0070942" id="R_PLPSA21801845Z9Z12Z15Z" type="nodeFlux"/>
            <flux fluxValue="0.007079" id="R_PLPSA218111Z1835Z9Z12Z" type="nodeFlux"/>
            <flux fluxValue="0.0033968" id="R_SERDC" type="nodeFlux"/>
            <flux fluxValue="-0.17162" id="R_GHMT" type="nodeFlux"/>
            <flux fluxValue="1.9306" id="R_GLYCOR_LPAREN_nadp_RPAREN_" type="nodeFlux"/>
            <flux fluxValue="0.006625" id="R_HSK" type="nodeFlux"/>
            <flux fluxValue="1.5515" id="R_SPTA" type="nodeFlux"/>
            <flux fluxValue="-0.15542" id="R_THRA" type="nodeFlux"/>
            <flux fluxValue="-1.7382" id="R_THRAL" type="nodeFlux"/>
            <flux fluxValue="0.02255" id="R_ASADH" type="nodeFlux"/>
            <flux fluxValue="0.02255" id="R_ASPK" type="nodeFlux"/>
            <flux fluxValue="0.006625" id="R_HSDH" type="nodeFlux"/>
            <flux fluxValue="5.1051" id="R_ALCDH_LPAREN_pqq_RPAREN_x" type="nodeFlux"/>
            <flux fluxValue="-5.2867" id="R_ENOm" type="nodeFlux"/>
            <flux fluxValue="0.027932" id="R_GLUKA" type="nodeFlux"/>
            <flux fluxValue="0.055864" id="R_GLUKB" type="nodeFlux"/>
            <flux fluxValue="-0.76114" id="R_PGCM" type="nodeFlux"/>
            <flux fluxValue="-7.8109" id="R_PGIA" type="nodeFlux"/>
            <flux fluxValue="-1.0035" id="R_PGIAh" type="nodeFlux"/>
            <flux fluxValue="-5.2867" id="R_PGM" type="nodeFlux"/>
            <flux fluxValue="-1.0035" id="R_PGMTh" type="nodeFlux"/>
            <flux fluxValue="-5.1051" id="R_PQQm" type="nodeFlux"/>
            <flux fluxValue="0.17516" id="R_PDHam1hi" type="nodeFlux"/>
            <flux fluxValue="-6.7925" id="R_PGKh" type="nodeFlux"/>
            <flux fluxValue="-4.5449" id="R_TPIh" type="nodeFlux"/>
            <flux fluxValue="0.15542" id="R_PDCh" type="nodeFlux"/>
            <flux fluxValue="0.18237" id="R_FTHFL" type="nodeFlux"/>
            <flux fluxValue="1.5058" id="R_GLYCK" type="nodeFlux"/>
            <flux fluxValue="3.4821" id="R_GLYDH" type="nodeFlux"/>
            <flux fluxValue="8.1537" id="R_ICL" type="nodeFlux"/>
            <flux fluxValue="18.9402" id="R_ACS" type="nodeFlux"/>
            <flux fluxValue="8.1537" id="R_MALSm" type="nodeFlux"/>
            <flux fluxValue="0.006625" id="R_ADPART" type="nodeFlux"/>
            <flux fluxValue="-0.006625" id="R_AOOA" type="nodeFlux"/>
            <flux fluxValue="0.006625" id="R_HDH" type="nodeFlux"/>
            <flux fluxValue="0.006625" id="R_HP" type="nodeFlux"/>
            <flux fluxValue="0.006625" id="R_IGPD" type="nodeFlux"/>
            <flux fluxValue="0.006625" id="R_IMGPS" type="nodeFlux"/>
            <flux fluxValue="0.006625" id="R_PRACH" type="nodeFlux"/>
            <flux fluxValue="0.006625" id="R_PRADP" type="nodeFlux"/>
            <flux fluxValue="0.006625" id="R_PRICI" type="nodeFlux"/>
            <flux fluxValue="0.0011332" id="R_MI3PP" type="nodeFlux"/>
            <flux fluxValue="0.0011332" id="R_MI3PSA" type="nodeFlux"/>
            <flux fluxValue="0.015925" id="R_DAPAT" type="nodeFlux"/>
            <flux fluxValue="0.015925" id="R_DAPDC" type="nodeFlux"/>
            <flux fluxValue="0.015925" id="R_DAPEP" type="nodeFlux"/>
            <flux fluxValue="0.015925" id="R_DHDPS" type="nodeFlux"/>
            <flux fluxValue="0.015925" id="R_DHPR" type="nodeFlux"/>
            <flux fluxValue="0.0071355" id="R_ACDO" type="nodeFlux"/>
            <flux fluxValue="0.0071355" id="R_ACRS" type="nodeFlux"/>
            <flux fluxValue="0.0071355" id="R_ACRSP" type="nodeFlux"/>
            <flux fluxValue="0.032949" id="R_ADSHm" type="nodeFlux"/>
            <flux fluxValue="0.006625" id="R_CBL" type="nodeFlux"/>
            <flux fluxValue="0.006625" id="R_CYSTS" type="nodeFlux"/>
            <flux fluxValue="0.0071355" id="R_M5TAP" type="nodeFlux"/>
            <flux fluxValue="0.0071355" id="R_M5TRPH" type="nodeFlux"/>
            <flux fluxValue="0.0071355" id="R_M5TRPI" type="nodeFlux"/>
            <flux fluxValue="0.0071355" id="R_MAT" type="nodeFlux"/>
            <flux fluxValue="0.032949" id="R_MATm" type="nodeFlux"/>
            <flux fluxValue="0.0071355" id="R_MOTA" type="nodeFlux"/>
            <flux fluxValue="0.027932" id="R_BDMT" type="nodeFlux"/>
            <flux fluxValue="0.027932" id="R_DOLASNT" type="nodeFlux"/>
            <flux fluxValue="0.027932" id="R_DOLDPP" type="nodeFlux"/>
            <flux fluxValue="0.027932" id="R_DOLPGT1" type="nodeFlux"/>
            <flux fluxValue="0.027932" id="R_DOLPGT2" type="nodeFlux"/>
            <flux fluxValue="0.027932" id="R_DOLPGT3" type="nodeFlux"/>
            <flux fluxValue="0.11173" id="R_DOLPMT" type="nodeFlux"/>
            <flux fluxValue="0.027932" id="R_DOLPMT1" type="nodeFlux"/>
            <flux fluxValue="0.027932" id="R_DOLPMT2" type="nodeFlux"/>
            <flux fluxValue="0.027932" id="R_G12MT1" type="nodeFlux"/>
            <flux fluxValue="0.027932" id="R_G12MT2" type="nodeFlux"/>
            <flux fluxValue="0.027932" id="R_G12MT3" type="nodeFlux"/>
            <flux fluxValue="0.027932" id="R_G12MT4" type="nodeFlux"/>
            <flux fluxValue="0.027932" id="R_G13MT" type="nodeFlux"/>
            <flux fluxValue="0.027932" id="R_G16MT" type="nodeFlux"/>
            <flux fluxValue="0.027932" id="R_GLCNACPT" type="nodeFlux"/>
            <flux fluxValue="0.027932" id="R_GLCNACT" type="nodeFlux"/>
            <flux fluxValue="0.027932" id="R_MG1B" type="nodeFlux"/>
            <flux fluxValue="0.027932" id="R_MG2A" type="nodeFlux"/>
            <flux fluxValue="0.027932" id="R_MG3B" type="nodeFlux"/>
            <flux fluxValue="0.027932" id="R_MM1" type="nodeFlux"/>
            <flux fluxValue="0.027932" id="R_MM2" type="nodeFlux"/>
            <flux fluxValue="0.083796" id="R_UDPDOLPT" type="nodeFlux"/>
            <flux fluxValue="2.9156e-16" id="R_ANNA" type="nodeFlux"/>
            <flux fluxValue="-2.8882e-16" id="R_N2PH" type="nodeFlux"/>
            <flux fluxValue="2.9156e-16" id="R_NADS1" type="nodeFlux"/>
            <flux fluxValue="-2.4865" id="R_NNOR" type="nodeFlux"/>
            <flux fluxValue="-2.9156e-16" id="R_NRPH" type="nodeFlux"/>
            <flux fluxValue="0.13091" id="R_GLYS" type="nodeFlux"/>
            <flux fluxValue="0.0011341" id="R_DHFR2i" type="nodeFlux"/>
            <flux fluxValue="0.0011341" id="R_MDUMT" type="nodeFlux"/>
            <flux fluxValue="0.039574" id="R_METSm" type="nodeFlux"/>
            <flux fluxValue="0.039574" id="R_MTHFO" type="nodeFlux"/>
            <flux fluxValue="6.656" id="R_ATPSm" type="nodeFlux"/>
            <flux fluxValue="9.6251" id="R_CCP2m" type="nodeFlux"/>
            <flux fluxValue="9.6251" id="R_CYOR_LPAREN_q8_RPAREN_m" type="nodeFlux"/>
            <flux fluxValue="1.4112" id="R_IDPh" type="nodeFlux"/>
            <flux fluxValue="1.7898e-17" id="R_IDPm" type="nodeFlux"/>
            <flux fluxValue="6.467e-10" id="R_NADHOR" type="nodeFlux"/>
            <flux fluxValue="0.081857" id="R_BCTA_LPAREN_val_RPAREN_m" type="nodeFlux"/>
            <flux fluxValue="0.081857" id="R_DMHL" type="nodeFlux"/>
            <flux fluxValue="0.081857" id="R_DMORm" type="nodeFlux"/>
            <flux fluxValue="0.081857" id="R_PPATDm" type="nodeFlux"/>
            <flux fluxValue="7.0766" id="R_G6PADH" type="nodeFlux"/>
            <flux fluxValue="0.055864" id="R_G6PBDH" type="nodeFlux"/>
            <flux fluxValue="7.1325" id="R_PGDHh" type="nodeFlux"/>
            <flux fluxValue="7.1325" id="R_PGLh" type="nodeFlux"/>
            <flux fluxValue="0.00082812" id="R_RPDPK" type="nodeFlux"/>
            <flux fluxValue="6.8227" id="R_TAh" type="nodeFlux"/>
            <flux fluxValue="4.6206" id="R_RPEh" type="nodeFlux"/>
            <flux fluxValue="-2.5119" id="R_RPIh" type="nodeFlux"/>
            <flux fluxValue="2.3215" id="R_TKT1h" type="nodeFlux"/>
            <flux fluxValue="2.2991" id="R_TKT2h" type="nodeFlux"/>
            <flux fluxValue="0.00082812" id="R_ANTPPT" type="nodeFlux"/>
            <flux fluxValue="0.00082812" id="R_ATNS_LPAREN_nh4_RPAREN_" type="nodeFlux"/>
            <flux fluxValue="0.021659" id="R_CHRM" type="nodeFlux"/>
            <flux fluxValue="0.022487" id="R_CHRS" type="nodeFlux"/>
            <flux fluxValue="0.022487" id="R_DHQS" type="nodeFlux"/>
            <flux fluxValue="0.022487" id="R_DPHS" type="nodeFlux"/>
            <flux fluxValue="0.022487" id="R_DQDH" type="nodeFlux"/>
            <flux fluxValue="0.00082812" id="R_IGPS" type="nodeFlux"/>
            <flux fluxValue="0.02083" id="R_POAT" type="nodeFlux"/>
            <flux fluxValue="0.02083" id="R_PPDH" type="nodeFlux"/>
            <flux fluxValue="0.00082812" id="R_PPOR" type="nodeFlux"/>
            <flux fluxValue="0.00082812" id="R_PRAI" type="nodeFlux"/>
            <flux fluxValue="0.022487" id="R_PSCIT" type="nodeFlux"/>
            <flux fluxValue="0.00082812" id="R_SERH" type="nodeFlux"/>
            <flux fluxValue="0.022487" id="R_SKDH" type="nodeFlux"/>
            <flux fluxValue="0.022487" id="R_SKK" type="nodeFlux"/>
            <flux fluxValue="0.00082812" id="R_TYRTAh" type="nodeFlux"/>
            <flux fluxValue="21.2338" id="R_ATPSh" type="nodeFlux"/>
            <flux fluxValue="9.4451" id="R_CBFC" type="nodeFlux"/>
            <flux fluxValue="9.4451" id="R_FNORh" type="nodeFlux"/>
            <flux fluxValue="9.4451" id="R_PSIred" type="nodeFlux"/>
            <flux fluxValue="4.7226" id="R_PSIIred" type="nodeFlux"/>
            <flux fluxValue="0.0040808" id="R_CHLASP" type="nodeFlux"/>
            <flux fluxValue="0.0074618" id="R_CHLBSP" type="nodeFlux"/>
            <flux fluxValue="0.0074618" id="R_CHLDAO" type="nodeFlux"/>
            <flux fluxValue="0.011543" id="R_CPPPGO" type="nodeFlux"/>
            <flux fluxValue="0.011543" id="R_DVPCHLDR" type="nodeFlux"/>
            <flux fluxValue="0.092341" id="R_G1SAT" type="nodeFlux"/>
            <flux fluxValue="0.092341" id="R_GLUTRR" type="nodeFlux"/>
            <flux fluxValue="0.092341" id="R_GLUTRS" type="nodeFlux"/>
            <flux fluxValue="0.011543" id="R_MPMECY1" type="nodeFlux"/>
            <flux fluxValue="0.011543" id="R_MPMECY2" type="nodeFlux"/>
            <flux fluxValue="0.011543" id="R_MPMECY3" type="nodeFlux"/>
            <flux fluxValue="0.011543" id="R_MPML" type="nodeFlux"/>
            <flux fluxValue="0.011543" id="R_MPMT" type="nodeFlux"/>
            <flux fluxValue="0.011543" id="R_PCHLD646OR" type="nodeFlux"/>
            <flux fluxValue="0.011543" id="R_PPBNGD" type="nodeFlux"/>
            <flux fluxValue="0.04617" id="R_PPBNGS" type="nodeFlux"/>
            <flux fluxValue="0.011543" id="R_PPPGO" type="nodeFlux"/>
            <flux fluxValue="0.011543" id="R_UPP3S" type="nodeFlux"/>
            <flux fluxValue="0.011543" id="R_UPPDC1" type="nodeFlux"/>
            <flux fluxValue="-0.015634" id="R_ACCAHh" type="nodeFlux"/>
            <flux fluxValue="0.015634" id="R_ACCAHm" type="nodeFlux"/>
            <flux fluxValue="-0.032949" id="R_APAT" type="nodeFlux"/>
            <flux fluxValue="0.017315" id="R_APPTm" type="nodeFlux"/>
            <flux fluxValue="-0.10207" id="R_HPCOR" type="nodeFlux"/>
            <flux fluxValue="-0.10207" id="R_HPHL" type="nodeFlux"/>
            <flux fluxValue="-0.10207" id="R_OCDOR" type="nodeFlux"/>
            <flux fluxValue="-0.032949" id="R_PACPT" type="nodeFlux"/>
            <flux fluxValue="0.10207" id="R_PCFPTh" type="nodeFlux"/>
            <flux fluxValue="0.015634" id="R_PCFPTm" type="nodeFlux"/>
            <flux fluxValue="0.10207" id="R_PCNO" type="nodeFlux"/>
            <flux fluxValue="0.017315" id="R_PCPPTm" type="nodeFlux"/>
            <flux fluxValue="0.038258" id="R_AAL_LPAREN_fum_RPAREN_" type="nodeFlux"/>
            <flux fluxValue="2.4411e-17" id="R_ADNDA" type="nodeFlux"/>
            <flux fluxValue="0.032949" id="R_ADNKm" type="nodeFlux"/>
            <flux fluxValue="1.0424" id="R_ADPA" type="nodeFlux"/>
            <flux fluxValue="0.038258" id="R_ADSS" type="nodeFlux"/>
            <flux fluxValue="0.056237" id="R_AGPT" type="nodeFlux"/>
            <flux fluxValue="0.08787" id="R_AIAL" type="nodeFlux"/>
            <flux fluxValue="0.0071355" id="R_APPRT" type="nodeFlux"/>
            <flux fluxValue="0.30091" id="R_ATAMh" type="nodeFlux"/>
            <flux fluxValue="0.0011341" id="R_DAOTO" type="nodeFlux"/>
            <flux fluxValue="0.0020163" id="R_DGTTO" type="nodeFlux"/>
            <flux fluxValue="0.094495" id="R_FPAIF" type="nodeFlux"/>
            <flux fluxValue="0.08787" id="R_FPGFT" type="nodeFlux"/>
            <flux fluxValue="-20.515" id="R_GBDP" type="nodeFlux"/>
            <flux fluxValue="-20.515" id="R_GDTP" type="nodeFlux"/>
            <flux fluxValue="0.056237" id="R_GMPS" type="nodeFlux"/>
            <flux fluxValue="20.1692" id="R_GTPA" type="nodeFlux"/>
            <flux fluxValue="-20.515" id="R_GTPDPK" type="nodeFlux"/>
            <flux fluxValue="-2.4411e-17" id="R_I5NT" type="nodeFlux"/>
            <flux fluxValue="0.094495" id="R_ICH" type="nodeFlux"/>
            <flux fluxValue="0.056237" id="R_IMPD" type="nodeFlux"/>
            <flux fluxValue="0.0011341" id="R_NDPKm" type="nodeFlux"/>
            <flux fluxValue="0.08787" id="R_PPRGL" type="nodeFlux"/>
            <flux fluxValue="0.08787" id="R_PRAIC" type="nodeFlux"/>
            <flux fluxValue="0.08787" id="R_PRAIS" type="nodeFlux"/>
            <flux fluxValue="0.08787" id="R_PRDPAR" type="nodeFlux"/>
            <flux fluxValue="0.08787" id="R_PRFGCL" type="nodeFlux"/>
            <flux fluxValue="0.08787" id="R_PRFGS" type="nodeFlux"/>
            <flux fluxValue="0.1895" id="R_R5PDP" type="nodeFlux"/>
            <flux fluxValue="0.020488" id="R_SUAT" type="nodeFlux"/>
            <flux fluxValue="0.08787" id="R_ASPCTm" type="nodeFlux"/>
            <flux fluxValue="0.053113" id="R_ATCD" type="nodeFlux"/>
            <flux fluxValue="0.055129" id="R_ATCM" type="nodeFlux"/>
            <flux fluxValue="0.0020163" id="R_ATDCDm" type="nodeFlux"/>
            <flux fluxValue="0.0011341" id="R_ATDTDm" type="nodeFlux"/>
            <flux fluxValue="0.0011341" id="R_ATDTM" type="nodeFlux"/>
            <flux fluxValue="0.90488" id="R_ATUDm" type="nodeFlux"/>
            <flux fluxValue="0.0020163" id="R_DCDT" type="nodeFlux"/>
            <flux fluxValue="0.08787" id="R_DHR" type="nodeFlux"/>
            <flux fluxValue="0.08787" id="R_DHRO" type="nodeFlux"/>
            <flux fluxValue="0.0011341" id="R_DUTNH" type="nodeFlux"/>
            <flux fluxValue="0.0011341" id="R_DUTT" type="nodeFlux"/>
            <flux fluxValue="0.1366" id="R_HCGALm" type="nodeFlux"/>
            <flux fluxValue="0.08787" id="R_ORPDC" type="nodeFlux"/>
            <flux fluxValue="-0.08787" id="R_ORPRT" type="nodeFlux"/>
            <flux fluxValue="0.0063008" id="R_TDSR" type="nodeFlux"/>
            <flux fluxValue="0.1158" id="R_UMPK" type="nodeFlux"/>
            <flux fluxValue="0.056237" id="R_UTAL" type="nodeFlux"/>
            <flux fluxValue="0.41392" id="R_ACACT" type="nodeFlux"/>
            <flux fluxValue="3.5531" id="R_ACALD" type="nodeFlux"/>
            <flux fluxValue="0.029941" id="R_ACCOAhi" type="nodeFlux"/>
            <flux fluxValue="9.8584" id="R_ACDHmi" type="nodeFlux"/>
            <flux fluxValue="5.5506" id="R_ACKrh" type="nodeFlux"/>
            <flux fluxValue="-4.766e-27" id="R_ACKrm" type="nodeFlux"/>
            <flux fluxValue="1.552" id="R_ALCDHi" type="nodeFlux"/>
            <flux fluxValue="-0.64587" id="R_ASPAT" type="nodeFlux"/>
            <flux fluxValue="0.057526" id="R_PFLACTm" type="nodeFlux"/>
            <flux fluxValue="-5.5506" id="R_PTArh" type="nodeFlux"/>
            <flux fluxValue="4.7658e-27" id="R_PTArm" type="nodeFlux"/>
            <flux fluxValue="2.7001e-07" id="R_CAROMO" type="nodeFlux"/>
            <flux fluxValue="5.4001e-07" id="R_CRETINOLOR2" type="nodeFlux"/>
            <flux fluxValue="5.4001e-07" id="R_RETPALMIH" type="nodeFlux"/>
            <flux fluxValue="5.4001e-07" id="R_RHODOPSINRT" type="nodeFlux"/>
            <flux fluxValue="5.4001e-07" id="R_TRETINOLOR2" type="nodeFlux"/>
            <flux fluxValue="5.4001e-07" id="R_TRETINOLPMTACT" type="nodeFlux"/>
            <flux fluxValue="-3.2328e-17" id="R_AFAT" type="nodeFlux"/>
            <flux fluxValue="1.6868e-31" id="R_R5PFL" type="nodeFlux"/>
            <flux fluxValue="0.27272" id="R_UGDC" type="nodeFlux"/>
            <flux fluxValue="0.27272" id="R_UGDH" type="nodeFlux"/>
            <flux fluxValue="0.76114" id="R_UG1PUT" type="nodeFlux"/>
            <flux fluxValue="1.0133" id="R_GLPThi" type="nodeFlux"/>
            <flux fluxValue="4.3507e-05" id="R_STARCH300DEGRA" type="nodeFlux"/>
            <flux fluxValue="0.0033777" id="R_STARCH300S" type="nodeFlux"/>
            <flux fluxValue="0.012995" id="R_SULR_LPAREN_ferr_RPAREN_" type="nodeFlux"/>
            <flux fluxValue="8.4173" id="R_ACONT" type="nodeFlux"/>
            <flux fluxValue="8.4173" id="R_CS" type="nodeFlux"/>
            <flux fluxValue="-10.7361" id="R_PCr" type="nodeFlux"/>
            <flux fluxValue="-0.047334" id="R_MDHh" type="nodeFlux"/>
            <flux fluxValue="-24.7785" id="R_MDHm" type="nodeFlux"/>
            <flux fluxValue="8.3286" id="R_FUMm" type="nodeFlux"/>
            <flux fluxValue="0.26363" id="R_ICDH" type="nodeFlux"/>
            <flux fluxValue="8.1537" id="R_SUCDH_LPAREN_q8_RPAREN_m" type="nodeFlux"/>
            <flux fluxValue="5.2867" id="R_PPCKm" type="nodeFlux"/>
            <flux fluxValue="0.019748" id="R_ACAS_LPAREN_2ahbut_RPAREN_" type="nodeFlux"/>
            <flux fluxValue="0.019748" id="R_DHAD" type="nodeFlux"/>
            <flux fluxValue="0.048413" id="R_IMDH" type="nodeFlux"/>
            <flux fluxValue="0.048413" id="R_IMDHT" type="nodeFlux"/>
            <flux fluxValue="0.048413" id="R_IMDHT_LPAREN_3c2hmp_RPAREN_" type="nodeFlux"/>
            <flux fluxValue="0.048413" id="R_IPMS" type="nodeFlux"/>
            <flux fluxValue="0.019748" id="R_KARI" type="nodeFlux"/>
            <flux fluxValue="0.019748" id="R_KARI_LPAREN_23dhmp_RPAREN_" type="nodeFlux"/>
            <flux fluxValue="0.048413" id="R_MOPC" type="nodeFlux"/>
            <flux fluxValue="0.13745" id="R_TAL" type="nodeFlux"/>
            <flux fluxValue="0.019748" id="R_BCTA" type="nodeFlux"/>
            <flux fluxValue="-0.048413" id="R_BCTA_LPAREN_glu_RPAREN_" type="nodeFlux"/>
            <flux fluxValue="0.048413" id="R_BCTA_LPAREN_val_RPAREN_h" type="nodeFlux"/>
            <flux fluxValue="8.8899" id="R_PYDXNO" type="nodeFlux"/>
            <flux fluxValue="8.8899" id="R_PYDXOR" type="nodeFlux"/>
         </listOfFluxes>
      </fluxDistribution>
   </listOfFluxDistributions>
</fluxDistributionCollection>