<?xml version="1.0" encoding="utf-8"?>
<fluxDistributionCollection>
   <listOfFluxDistributions>
      <fluxDistribution id="solutionLna" name="solutionLna" networkId="iRC1080">
         <listOfFluxes>
            <flux fluxValue="96.6281" id="R_PRISM_red_LED_array_653nm" type="nodeFlux"/>
            <flux fluxValue="0.31071" id="R_EX_h_LPAREN_e_RPAREN_" type="nodeFlux"/>
            <flux fluxValue="-2.5823" id="R_EX_h2o_LPAREN_e_RPAREN_" type="nodeFlux"/>
            <flux fluxValue="-0.089441" id="R_EX_pi_LPAREN_e_RPAREN_" type="nodeFlux"/>
            <flux fluxValue="-0.29887" id="R_EX_nh4_LPAREN_e_RPAREN_" type="nodeFlux"/>
            <flux fluxValue="-0.03935" id="R_EX_no3_LPAREN_e_RPAREN_" type="nodeFlux"/>
            <flux fluxValue="-0.0016709" id="R_EX_so4_LPAREN_e_RPAREN_" type="nodeFlux"/>
            <flux fluxValue="-0.0023122" id="R_EX_mg2_LPAREN_e_RPAREN_" type="nodeFlux"/>
            <flux fluxValue="-0.70069" id="R_EX_na1_LPAREN_e_RPAREN_" type="nodeFlux"/>
            <flux fluxValue="-96.6281" id="R_EX_photonVis_LPAREN_e_RPAREN_" type="nodeFlux"/>
            <flux fluxValue="-0.98854" id="R_EX_o2_LPAREN_e_RPAREN_" type="nodeFlux"/>
            <flux fluxValue="-3.4857" id="R_EX_co2_LPAREN_e_RPAREN_" type="nodeFlux"/>
            <flux fluxValue="0.0042078" id="R_PS_asn_DASH_L_LPAREN_c_RPAREN_" type="nodeFlux"/>
            <flux fluxValue="0.03935" id="R_CY_focytc_LPAREN_h_RPAREN_" type="nodeFlux"/>
            <flux fluxValue="0.030705" id="R_CY_focytb5_LPAREN_c_RPAREN_" type="nodeFlux"/>
            <flux fluxValue="0.086824" id="R_Biomass_Chlamy_auto" type="nodeFlux"/>
            <flux fluxValue="0.183" id="R_ATPM_LPAREN_NGAM_RPAREN_" type="nodeFlux"/>
            <flux fluxValue="0.0042078" id="R_DM_asnglcnacglcnacman_DASH_LPAREN_DASH_man_DASH_RPAREN_DASH_man_LPAREN_c_RPAREN_" type="nodeFlux"/>
            <flux fluxValue="0.25386" id="R_DM_na1_LPAREN_c_RPAREN_" type="nodeFlux"/>
            <flux fluxValue="0.44683" id="R_DM_na1_LPAREN_h_RPAREN_" type="nodeFlux"/>
            <flux fluxValue="0.03935" id="R_DM_no_LPAREN_h_RPAREN_" type="nodeFlux"/>
            <flux fluxValue="4.7226" id="R_DM_o2D_LPAREN_u_RPAREN_" type="nodeFlux"/>
            <flux fluxValue="84.0923" id="R_DM_photon646_LPAREN_h_RPAREN_" type="nodeFlux"/>
            <flux fluxValue="7.6173" id="R_DM_photon673_LPAREN_u_RPAREN_" type="nodeFlux"/>
            <flux fluxValue="-0.0028395" id="R_23DHMPth" type="nodeFlux"/>
            <flux fluxValue="-0.0071514" id="R_3MOBth" type="nodeFlux"/>
            <flux fluxValue="-0.55513" id="R_3PG_LPAREN_pi_RPAREN_thr" type="nodeFlux"/>
            <flux fluxValue="0.004268" id="R_6PGLthr" type="nodeFlux"/>
            <flux fluxValue="-0.31161" id="R_ACCOAth" type="nodeFlux"/>
            <flux fluxValue="-0.0054114" id="R_ACth" type="nodeFlux"/>
            <flux fluxValue="0.065071" id="R_AKGMALth" type="nodeFlux"/>
            <flux fluxValue="-0.0023122" id="R_AMETt2h" type="nodeFlux"/>
            <flux fluxValue="-3.3411e-15" id="R_AMPth" type="nodeFlux"/>
            <flux fluxValue="-0.0015775" id="R_ASPSAth" type="nodeFlux"/>
            <flux fluxValue="-0.10569" id="R_ASPth" type="nodeFlux"/>
            <flux fluxValue="-0.013532" id="R_CMPth" type="nodeFlux"/>
            <flux fluxValue="0.95588" id="R_CO2th" type="nodeFlux"/>
            <flux fluxValue="0.017961" id="R_COAth" type="nodeFlux"/>
            <flux fluxValue="0.013532" id="R_CTPth" type="nodeFlux"/>
            <flux fluxValue="-0.00021033" id="R_CYSth" type="nodeFlux"/>
            <flux fluxValue="0.16377" id="R_F6P_LPAREN_pi_RPAREN_thi" type="nodeFlux"/>
            <flux fluxValue="-0.013486" id="R_FA160h" type="nodeFlux"/>
            <flux fluxValue="0.0016792" id="R_FA180h" type="nodeFlux"/>
            <flux fluxValue="0.0046566" id="R_FA18111Zh" type="nodeFlux"/>
            <flux fluxValue="-0.0060468" id="R_FA1819Zh" type="nodeFlux"/>
            <flux fluxValue="0.017961" id="R_FORthi" type="nodeFlux"/>
            <flux fluxValue="-4.3786e-18" id="R_FRDPth" type="nodeFlux"/>
            <flux fluxValue="-0.060516" id="R_GALth" type="nodeFlux"/>
            <flux fluxValue="-0.046573" id="R_GLNth" type="nodeFlux"/>
            <flux fluxValue="0.027952" id="R_GLYNA1th" type="nodeFlux"/>
            <flux fluxValue="4.8609" id="R_HCO3_LPAREN_h_RPAREN_thi" type="nodeFlux"/>
            <flux fluxValue="-0.00021033" id="R_HCYSth" type="nodeFlux"/>
            <flux fluxValue="-3.5028e-17" id="R_IPDPth" type="nodeFlux"/>
            <flux fluxValue="-2.1559" id="R_MAL_LPAREN_na_RPAREN_th" type="nodeFlux"/>
            <flux fluxValue="-0.003263" id="R_MANth" type="nodeFlux"/>
            <flux fluxValue="0.0023122" id="R_MG2th" type="nodeFlux"/>
            <flux fluxValue="2.5748" id="R_NA1Hth" type="nodeFlux"/>
            <flux fluxValue="6.3974e-21" id="R_NADHth" type="nodeFlux"/>
            <flux fluxValue="0.22135" id="R_NH4th" type="nodeFlux"/>
            <flux fluxValue="0.03935" id="R_NO2th" type="nodeFlux"/>
            <flux fluxValue="0.038358" id="R_O2thr" type="nodeFlux"/>
            <flux fluxValue="9.0109e-08" id="R_PMTCOAth" type="nodeFlux"/>
            <flux fluxValue="-0.017961" id="R_PPCOAth" type="nodeFlux"/>
            <flux fluxValue="-0.0029447" id="R_PPHNth" type="nodeFlux"/>
            <flux fluxValue="2.7412" id="R_PYRth" type="nodeFlux"/>
            <flux fluxValue="-0.030621" id="R_R5Pth" type="nodeFlux"/>
            <flux fluxValue="-0.038898" id="R_SERth" type="nodeFlux"/>
            <flux fluxValue="0.0016709" id="R_SO3t" type="nodeFlux"/>
            <flux fluxValue="0.00020558" id="R_SQDG18111Z160th" type="nodeFlux"/>
            <flux fluxValue="0.0006179" id="R_SQDG1819Z160th" type="nodeFlux"/>
            <flux fluxValue="-0.0071514" id="R_THRth" type="nodeFlux"/>
            <flux fluxValue="-0.00010517" id="R_TRPth" type="nodeFlux"/>
            <flux fluxValue="-0.00010517" id="R_TYRth" type="nodeFlux"/>
            <flux fluxValue="0.066267" id="R_UDPGALth" type="nodeFlux"/>
            <flux fluxValue="0.0012502" id="R_UDPGth" type="nodeFlux"/>
            <flux fluxValue="-0.066267" id="R_UDPth" type="nodeFlux"/>
            <flux fluxValue="0.066267" id="R_UMPth" type="nodeFlux"/>
            <flux fluxValue="0.0071514" id="R_VALth" type="nodeFlux"/>
            <flux fluxValue="3.4857" id="R_CO2t" type="nodeFlux"/>
            <flux fluxValue="2.5823" id="R_H2Ot" type="nodeFlux"/>
            <flux fluxValue="0.0023122" id="R_MG2t" type="nodeFlux"/>
            <flux fluxValue="0.29887" id="R_NH4t" type="nodeFlux"/>
            <flux fluxValue="0.03935" id="R_NO3t" type="nodeFlux"/>
            <flux fluxValue="0.98854" id="R_O2t" type="nodeFlux"/>
            <flux fluxValue="0.089441" id="R_PIt" type="nodeFlux"/>
            <flux fluxValue="0.70069" id="R_SO4NA1t" type="nodeFlux"/>
            <flux fluxValue="-0.69902" id="R_SO4t" type="nodeFlux"/>
            <flux fluxValue="-9.0109e-08" id="R_COAts" type="nodeFlux"/>
            <flux fluxValue="-9.0109e-08" id="R_HDCAts" type="nodeFlux"/>
            <flux fluxValue="9.0109e-08" id="R_Hts" type="nodeFlux"/>
            <flux fluxValue="1.7832e-23" id="R_NADPHts" type="nodeFlux"/>
            <flux fluxValue="-1.7832e-23" id="R_NADPts" type="nodeFlux"/>
            <flux fluxValue="9.0109e-08" id="R_PMTCOAts" type="nodeFlux"/>
            <flux fluxValue="9.0109e-08" id="R_RETINALts" type="nodeFlux"/>
            <flux fluxValue="0.23025" id="R_ACCOAtm" type="nodeFlux"/>
            <flux fluxValue="-9.6097e-18" id="R_ADNtm" type="nodeFlux"/>
            <flux fluxValue="0.012305" id="R_ALANA1tm" type="nodeFlux"/>
            <flux fluxValue="0.0060945" id="R_AMETt2m" type="nodeFlux"/>
            <flux fluxValue="0.013041" id="R_ARG_DASH_Ltm" type="nodeFlux"/>
            <flux fluxValue="0.014662" id="R_ASPtm" type="nodeFlux"/>
            <flux fluxValue="-0.013041" id="R_CITRLtm" type="nodeFlux"/>
            <flux fluxValue="0.038034" id="R_CO2tm" type="nodeFlux"/>
            <flux fluxValue="-0.0026087" id="R_COAtm" type="nodeFlux"/>
            <flux fluxValue="0.00018925" id="R_DATPtm" type="nodeFlux"/>
            <flux fluxValue="0.00033644" id="R_DCTPtm" type="nodeFlux"/>
            <flux fluxValue="-0.014662" id="R_DHORStm" type="nodeFlux"/>
            <flux fluxValue="-0.033087" id="R_DICtm" type="nodeFlux"/>
            <flux fluxValue="0.00018925" id="R_DTTPtm" type="nodeFlux"/>
            <flux fluxValue="0.0318" id="R_FA40COAtm" type="nodeFlux"/>
            <flux fluxValue="0.010278" id="R_FORtmi" type="nodeFlux"/>
            <flux fluxValue="1.7891e-18" id="R_GLUtm" type="nodeFlux"/>
            <flux fluxValue="-0.012305" id="R_GLYNA1tm" type="nodeFlux"/>
            <flux fluxValue="-0.039249" id="R_GLYtm" type="nodeFlux"/>
            <flux fluxValue="0.014662" id="R_H2O2tm" type="nodeFlux"/>
            <flux fluxValue="-2.1845" id="R_H2Otm" type="nodeFlux"/>
            <flux fluxValue="7.6539e-19" id="R_HCYStm" type="nodeFlux"/>
            <flux fluxValue="0.049732" id="R_MALICITtm" type="nodeFlux"/>
            <flux fluxValue="-2.2043" id="R_MALOAAtm" type="nodeFlux"/>
            <flux fluxValue="-0.00018925" id="R_MLTHFtm" type="nodeFlux"/>
            <flux fluxValue="0.050338" id="R_NH4tm" type="nodeFlux"/>
            <flux fluxValue="0.90839" id="R_O2tmr" type="nodeFlux"/>
            <flux fluxValue="0.013041" id="R_ORNtm" type="nodeFlux"/>
            <flux fluxValue="0.14944" id="R_PItm" type="nodeFlux"/>
            <flux fluxValue="0.0318" id="R_PMTCOAtm" type="nodeFlux"/>
            <flux fluxValue="-0.0026087" id="R_PPAtm" type="nodeFlux"/>
            <flux fluxValue="0.0026087" id="R_PPCOAtm" type="nodeFlux"/>
            <flux fluxValue="0.022583" id="R_PYRtm" type="nodeFlux"/>
            <flux fluxValue="0.028919" id="R_SERtm" type="nodeFlux"/>
            <flux fluxValue="-0.033087" id="R_SUCFUMtmr" type="nodeFlux"/>
            <flux fluxValue="0.00018925" id="R_THFtm" type="nodeFlux"/>
            <flux fluxValue="0.14873" id="R_UDPtm" type="nodeFlux"/>
            <flux fluxValue="-0.14873" id="R_UTPtm" type="nodeFlux"/>
            <flux fluxValue="-0.012305" id="R_VALtm" type="nodeFlux"/>
            <flux fluxValue="0.00016635" id="R_ACAROtu" type="nodeFlux"/>
            <flux fluxValue="4.5055e-08" id="R_CAROtu" type="nodeFlux"/>
            <flux fluxValue="0.0008755" id="R_CHLDA2tu" type="nodeFlux"/>
            <flux fluxValue="0.0014367" id="R_CHLDBtu" type="nodeFlux"/>
            <flux fluxValue="0.00023643" id="R_GCAROtu" type="nodeFlux"/>
            <flux fluxValue="2.1258" id="R_H2Othu" type="nodeFlux"/>
            <flux fluxValue="27.3891" id="R_Htu" type="nodeFlux"/>
            <flux fluxValue="0.00061723" id="R_NADPHtu" type="nodeFlux"/>
            <flux fluxValue="-0.00061723" id="R_NADPtu" type="nodeFlux"/>
            <flux fluxValue="0.0007004" id="R_O2trhu" type="nodeFlux"/>
            <flux fluxValue="0.0023122" id="R_PDPtu" type="nodeFlux"/>
            <flux fluxValue="-0.0023122" id="R_PPItu" type="nodeFlux"/>
            <flux fluxValue="0.012305" id="R_AAT" type="nodeFlux"/>
            <flux fluxValue="-0.10748" id="R_ASPATh" type="nodeFlux"/>
            <flux fluxValue="0.010097" id="R_ASPS" type="nodeFlux"/>
            <flux fluxValue="0.0084156" id="R_ACGAM6PSi" type="nodeFlux"/>
            <flux fluxValue="0.0084156" id="R_ACGAMPM" type="nodeFlux"/>
            <flux fluxValue="-0.0084156" id="R_G6PDA" type="nodeFlux"/>
            <flux fluxValue="0.045508" id="R_UA4E" type="nodeFlux"/>
            <flux fluxValue="0.045508" id="R_UAD" type="nodeFlux"/>
            <flux fluxValue="0.0084156" id="R_UDPACGLP" type="nodeFlux"/>
            <flux fluxValue="0.013041" id="R_AGGPR" type="nodeFlux"/>
            <flux fluxValue="0.013041" id="R_AGK" type="nodeFlux"/>
            <flux fluxValue="-3.2709e-18" id="R_AODAA" type="nodeFlux"/>
            <flux fluxValue="0.013041" id="R_AOTA" type="nodeFlux"/>
            <flux fluxValue="0.0041015" id="R_G5DH" type="nodeFlux"/>
            <flux fluxValue="0.013041" id="R_GACT" type="nodeFlux"/>
            <flux fluxValue="0.0041015" id="R_GSC" type="nodeFlux"/>
            <flux fluxValue="0.0041015" id="R_P5CR" type="nodeFlux"/>
            <flux fluxValue="0.013041" id="R_ARGSL" type="nodeFlux"/>
            <flux fluxValue="0.013041" id="R_ARGSS" type="nodeFlux"/>
            <flux fluxValue="0.0041015" id="R_GLU5K" type="nodeFlux"/>
            <flux fluxValue="0.013041" id="R_OCTm" type="nodeFlux"/>
            <flux fluxValue="8.3173e-05" id="R_ASCBOR" type="nodeFlux"/>
            <flux fluxValue="0.012821" id="R_CMK" type="nodeFlux"/>
            <flux fluxValue="0.012821" id="R_CMS" type="nodeFlux"/>
            <flux fluxValue="0.012821" id="R_DXRI" type="nodeFlux"/>
            <flux fluxValue="0.012821" id="R_DXS" type="nodeFlux"/>
            <flux fluxValue="0.0032053" id="R_FPPSh" type="nodeFlux"/>
            <flux fluxValue="0.0023122" id="R_GGDR" type="nodeFlux"/>
            <flux fluxValue="0.0032053" id="R_GGPS" type="nodeFlux"/>
            <flux fluxValue="0.0032053" id="R_GPPSh" type="nodeFlux"/>
            <flux fluxValue="0.012821" id="R_HDS" type="nodeFlux"/>
            <flux fluxValue="0.0096158" id="R_IDS1" type="nodeFlux"/>
            <flux fluxValue="0.0032053" id="R_IDS2" type="nodeFlux"/>
            <flux fluxValue="0.012821" id="R_MCS" type="nodeFlux"/>
            <flux fluxValue="0.015353" id="R_3OACOAR" type="nodeFlux"/>
            <flux fluxValue="0.015353" id="R_3OACOAS" type="nodeFlux"/>
            <flux fluxValue="0.015353" id="R_COA1819ZD9DS" type="nodeFlux"/>
            <flux fluxValue="0.015353" id="R_ECOAH8" type="nodeFlux"/>
            <flux fluxValue="0.015353" id="R_ECOAR" type="nodeFlux"/>
            <flux fluxValue="0.013486" id="R_FACOAE160" type="nodeFlux"/>
            <flux fluxValue="0.0060468" id="R_FACOAE1819Z" type="nodeFlux"/>
            <flux fluxValue="0.0021935" id="R_BCACT" type="nodeFlux"/>
            <flux fluxValue="-0.033993" id="R_BCOR" type="nodeFlux"/>
            <flux fluxValue="0.033993" id="R_HBCHL" type="nodeFlux"/>
            <flux fluxValue="0.033993" id="R_HBCO_LPAREN_nadp_RPAREN_" type="nodeFlux"/>
            <flux fluxValue="-0.028448" id="R_ALAAT" type="nodeFlux"/>
            <flux fluxValue="2.9353" id="R_FBA3hi" type="nodeFlux"/>
            <flux fluxValue="6.9294" id="R_GAPDH_LPAREN_nadp_RPAREN_hi" type="nodeFlux"/>
            <flux fluxValue="4.8543" id="R_HCO3Ehi" type="nodeFlux"/>
            <flux fluxValue="-2.0595" id="R_HCO3E" type="nodeFlux"/>
            <flux fluxValue="-0.027703" id="R_HCO3Em" type="nodeFlux"/>
            <flux fluxValue="0.55513" id="R_PPC" type="nodeFlux"/>
            <flux fluxValue="0.00631" id="R_PPDKh" type="nodeFlux"/>
            <flux fluxValue="3.874" id="R_PRUK" type="nodeFlux"/>
            <flux fluxValue="3.874" id="R_RBPCh" type="nodeFlux"/>
            <flux fluxValue="2.9353" id="R_SBP" type="nodeFlux"/>
            <flux fluxValue="-2.3285" id="R_MDHC_LPAREN_nadp_RPAREN_hr" type="nodeFlux"/>
            <flux fluxValue="-8.755e-05" id="R_ANXANASCOR" type="nodeFlux"/>
            <flux fluxValue="0.00011382" id="R_BCAROH" type="nodeFlux"/>
            <flux fluxValue="0.00011382" id="R_BCRPTXANH" type="nodeFlux"/>
            <flux fluxValue="0.00016635" id="R_CHYA2" type="nodeFlux"/>
            <flux fluxValue="0.00016635" id="R_CXHY" type="nodeFlux"/>
            <flux fluxValue="0.00021012" id="R_LCYA" type="nodeFlux"/>
            <flux fluxValue="0.00023643" id="R_LCYB" type="nodeFlux"/>
            <flux fluxValue="0.00021012" id="R_LCYD" type="nodeFlux"/>
            <flux fluxValue="0.00023643" id="R_LCYG" type="nodeFlux"/>
            <flux fluxValue="5.6908e-05" id="R_LUTH" type="nodeFlux"/>
            <flux fluxValue="4.8153e-05" id="R_NEOXANS" type="nodeFlux"/>
            <flux fluxValue="0.00044655" id="R_NOR" type="nodeFlux"/>
            <flux fluxValue="0.00044655" id="R_PDS1" type="nodeFlux"/>
            <flux fluxValue="0.00044655" id="R_PDS2" type="nodeFlux"/>
            <flux fluxValue="0.00044655" id="R_PSY" type="nodeFlux"/>
            <flux fluxValue="-7.8795e-05" id="R_VIOXANOR" type="nodeFlux"/>
            <flux fluxValue="0.00044655" id="R_ZDS" type="nodeFlux"/>
            <flux fluxValue="0.00042067" id="R_CYSTBL" type="nodeFlux"/>
            <flux fluxValue="0.0016792" id="R_3HAD180" type="nodeFlux"/>
            <flux fluxValue="0.0049962" id="R_3HAD181" type="nodeFlux"/>
            <flux fluxValue="0.0016792" id="R_3OAR180" type="nodeFlux"/>
            <flux fluxValue="0.0049962" id="R_3OAR181" type="nodeFlux"/>
            <flux fluxValue="0.0016792" id="R_3OAS180" type="nodeFlux"/>
            <flux fluxValue="0.0049962" id="R_3OAS181" type="nodeFlux"/>
            <flux fluxValue="0.0050657" id="R_ACP1619ZD9DS" type="nodeFlux"/>
            <flux fluxValue="0.0016792" id="R_EAR180x" type="nodeFlux"/>
            <flux fluxValue="0.0049962" id="R_EAR181x" type="nodeFlux"/>
            <flux fluxValue="0.0016792" id="R_FA180ACPHi" type="nodeFlux"/>
            <flux fluxValue="0.0046566" id="R_FA181ACPHi" type="nodeFlux"/>
            <flux fluxValue="0.0066754" id="R_MCOATA" type="nodeFlux"/>
            <flux fluxValue="0.0318" id="R_ACACT2m" type="nodeFlux"/>
            <flux fluxValue="0.0318" id="R_ACACT3m" type="nodeFlux"/>
            <flux fluxValue="0.0318" id="R_ACACT4m" type="nodeFlux"/>
            <flux fluxValue="0.0318" id="R_ACACT5m" type="nodeFlux"/>
            <flux fluxValue="0.0318" id="R_ACACT6m" type="nodeFlux"/>
            <flux fluxValue="0.0318" id="R_ACACT7m" type="nodeFlux"/>
            <flux fluxValue="0.0318" id="R_ACOAR2m" type="nodeFlux"/>
            <flux fluxValue="0.0318" id="R_ACOAR3m" type="nodeFlux"/>
            <flux fluxValue="0.0318" id="R_ACOAR4m" type="nodeFlux"/>
            <flux fluxValue="0.0318" id="R_ACOAR5m" type="nodeFlux"/>
            <flux fluxValue="0.0318" id="R_ACOAR6m" type="nodeFlux"/>
            <flux fluxValue="0.0318" id="R_ACOAR7m" type="nodeFlux"/>
            <flux fluxValue="0.0318" id="R_ECOAH2m" type="nodeFlux"/>
            <flux fluxValue="0.0318" id="R_ECOAH3m" type="nodeFlux"/>
            <flux fluxValue="0.0318" id="R_ECOAH4m" type="nodeFlux"/>
            <flux fluxValue="0.0318" id="R_ECOAH5m" type="nodeFlux"/>
            <flux fluxValue="0.0318" id="R_ECOAH6m" type="nodeFlux"/>
            <flux fluxValue="0.0318" id="R_ECOAH7m" type="nodeFlux"/>
            <flux fluxValue="0.0318" id="R_HACD2m" type="nodeFlux"/>
            <flux fluxValue="0.0318" id="R_HACD3m" type="nodeFlux"/>
            <flux fluxValue="0.0318" id="R_HACD4m" type="nodeFlux"/>
            <flux fluxValue="0.0318" id="R_HACD5m" type="nodeFlux"/>
            <flux fluxValue="0.0318" id="R_HACD6m" type="nodeFlux"/>
            <flux fluxValue="0.0318" id="R_HACD7m" type="nodeFlux"/>
            <flux fluxValue="0.0060468" id="R_AACP1819ZS" type="nodeFlux"/>
            <flux fluxValue="0.013486" id="R_AACPS3" type="nodeFlux"/>
            <flux fluxValue="0.0011838" id="R_CACOAL" type="nodeFlux"/>
            <flux fluxValue="0.0011812" id="R_PACOAL" type="nodeFlux"/>
            <flux fluxValue="0.003263" id="R_AGAKI" type="nodeFlux"/>
            <flux fluxValue="0.03787" id="R_GAMPG" type="nodeFlux"/>
            <flux fluxValue="-0.003263" id="R_MAKI" type="nodeFlux"/>
            <flux fluxValue="-0.03787" id="R_MPAKI" type="nodeFlux"/>
            <flux fluxValue="0.03787" id="R_MPPM" type="nodeFlux"/>
            <flux fluxValue="0.066267" id="R_UG4E" type="nodeFlux"/>
            <flux fluxValue="0.0016709" id="R_GDR_LPAREN_nadp_RPAREN_" type="nodeFlux"/>
            <flux fluxValue="0.012821" id="R_GDRh" type="nodeFlux"/>
            <flux fluxValue="0.16551" id="R_GLUS_LPAREN_ferr_RPAREN_" type="nodeFlux"/>
            <flux fluxValue="3.3652e-18" id="R_GCL" type="nodeFlux"/>
            <flux fluxValue="3.3652e-18" id="R_GTHS" type="nodeFlux"/>
            <flux fluxValue="0.21208" id="R_GALh" type="nodeFlux"/>
            <flux fluxValue="0.027703" id="R_GALm" type="nodeFlux"/>
            <flux fluxValue="-0.0016709" id="R_GTHAMPOR" type="nodeFlux"/>
            <flux fluxValue="-0.012821" id="R_GTHPDSOR" type="nodeFlux"/>
            <flux fluxValue="0.00011536" id="R_ACOADAGAT16018111Z160" type="nodeFlux"/>
            <flux fluxValue="0.0001116" id="R_ACOADAGAT16018111Z180" type="nodeFlux"/>
            <flux fluxValue="0.00011186" id="R_ACOADAGAT16018111Z18111Z" type="nodeFlux"/>
            <flux fluxValue="0.00011186" id="R_ACOADAGAT16018111Z1819Z" type="nodeFlux"/>
            <flux fluxValue="0.00011239" id="R_ACOADAGAT16018111Z1835Z9Z12Z" type="nodeFlux"/>
            <flux fluxValue="0.00011265" id="R_ACOADAGAT16018111Z1845Z9Z12Z15Z" type="nodeFlux"/>
            <flux fluxValue="0.00011536" id="R_ACOADAGAT1601819Z160" type="nodeFlux"/>
            <flux fluxValue="0.0001116" id="R_ACOADAGAT1601819Z180" type="nodeFlux"/>
            <flux fluxValue="0.00011186" id="R_ACOADAGAT1601819Z18111Z" type="nodeFlux"/>
            <flux fluxValue="0.00011186" id="R_ACOADAGAT1601819Z1819Z" type="nodeFlux"/>
            <flux fluxValue="0.00011239" id="R_ACOADAGAT1601819Z1835Z9Z12Z" type="nodeFlux"/>
            <flux fluxValue="0.00011265" id="R_ACOADAGAT1601819Z1845Z9Z12Z15Z" type="nodeFlux"/>
            <flux fluxValue="0.0001116" id="R_ACOADAGAT1801819Z160" type="nodeFlux"/>
            <flux fluxValue="0.00010808" id="R_ACOADAGAT1801819Z180" type="nodeFlux"/>
            <flux fluxValue="0.00010833" id="R_ACOADAGAT1801819Z18111Z" type="nodeFlux"/>
            <flux fluxValue="0.00010833" id="R_ACOADAGAT1801819Z1819Z" type="nodeFlux"/>
            <flux fluxValue="0.00010882" id="R_ACOADAGAT1801819Z1835Z9Z12Z" type="nodeFlux"/>
            <flux fluxValue="0.00010907" id="R_ACOADAGAT1801819Z1845Z9Z12Z15Z" type="nodeFlux"/>
            <flux fluxValue="0.00011186" id="R_ACOADAGAT18111Z18111Z160" type="nodeFlux"/>
            <flux fluxValue="0.00010833" id="R_ACOADAGAT18111Z18111Z180" type="nodeFlux"/>
            <flux fluxValue="0.00010857" id="R_ACOADAGAT18111Z18111Z18111Z" type="nodeFlux"/>
            <flux fluxValue="0.00010857" id="R_ACOADAGAT18111Z18111Z1819Z" type="nodeFlux"/>
            <flux fluxValue="0.00010907" id="R_ACOADAGAT18111Z18111Z1835Z9Z12Z" type="nodeFlux"/>
            <flux fluxValue="0.00010932" id="R_ACOADAGAT18111Z18111Z1845Z9Z12Z15Z" type="nodeFlux"/>
            <flux fluxValue="0.00011186" id="R_ACOADAGAT18111Z1819Z160" type="nodeFlux"/>
            <flux fluxValue="0.00010833" id="R_ACOADAGAT18111Z1819Z180" type="nodeFlux"/>
            <flux fluxValue="0.00010857" id="R_ACOADAGAT18111Z1819Z18111Z" type="nodeFlux"/>
            <flux fluxValue="0.00010857" id="R_ACOADAGAT18111Z1819Z1819Z" type="nodeFlux"/>
            <flux fluxValue="0.00010907" id="R_ACOADAGAT18111Z1819Z1835Z9Z12Z" type="nodeFlux"/>
            <flux fluxValue="0.00010932" id="R_ACOADAGAT18111Z1819Z1845Z9Z12Z15Z" type="nodeFlux"/>
            <flux fluxValue="0.00011186" id="R_ACOADAGAT1819Z18111Z160" type="nodeFlux"/>
            <flux fluxValue="0.00010833" id="R_ACOADAGAT1819Z18111Z180" type="nodeFlux"/>
            <flux fluxValue="0.00010857" id="R_ACOADAGAT1819Z18111Z18111Z" type="nodeFlux"/>
            <flux fluxValue="0.00010857" id="R_ACOADAGAT1819Z18111Z1819Z" type="nodeFlux"/>
            <flux fluxValue="0.00010907" id="R_ACOADAGAT1819Z18111Z1835Z9Z12Z" type="nodeFlux"/>
            <flux fluxValue="0.00010932" id="R_ACOADAGAT1819Z18111Z1845Z9Z12Z15Z" type="nodeFlux"/>
            <flux fluxValue="0.00011186" id="R_ACOADAGAT1819Z1819Z160" type="nodeFlux"/>
            <flux fluxValue="0.00010833" id="R_ACOADAGAT1819Z1819Z180" type="nodeFlux"/>
            <flux fluxValue="0.00010857" id="R_ACOADAGAT1819Z1819Z18111Z" type="nodeFlux"/>
            <flux fluxValue="0.00010857" id="R_ACOADAGAT1819Z1819Z1819Z" type="nodeFlux"/>
            <flux fluxValue="0.00010907" id="R_ACOADAGAT1819Z1819Z1835Z9Z12Z" type="nodeFlux"/>
            <flux fluxValue="0.00010932" id="R_ACOADAGAT1819Z1819Z1845Z9Z12Z15Z" type="nodeFlux"/>
            <flux fluxValue="6.6816e-06" id="R_ACPT16018111Z" type="nodeFlux"/>
            <flux fluxValue="0.00062365" id="R_ACPT1601819Z" type="nodeFlux"/>
            <flux fluxValue="6.454e-06" id="R_ACPT18111Z18111Z" type="nodeFlux"/>
            <flux fluxValue="8.2382e-05" id="R_ACPT18111Z1819Z" type="nodeFlux"/>
            <flux fluxValue="4.2122e-05" id="R_ACPT1819Z18111Z" type="nodeFlux"/>
            <flux fluxValue="0.00042937" id="R_ACPT1819Z1819Z" type="nodeFlux"/>
            <flux fluxValue="0.00021232" id="R_AGPAT160h" type="nodeFlux"/>
            <flux fluxValue="0.00033961" id="R_AGPAT18111Z160h" type="nodeFlux"/>
            <flux fluxValue="0.0059772" id="R_AGPAT1819Z160h" type="nodeFlux"/>
            <flux fluxValue="6.9563e-05" id="R_AGPAT1819Z1619Zh" type="nodeFlux"/>
            <flux fluxValue="0.00068241" id="R_AGPATCOA16018111Z" type="nodeFlux"/>
            <flux fluxValue="0.0012994" id="R_AGPATCOA1601819Z" type="nodeFlux"/>
            <flux fluxValue="0.00091462" id="R_AGPATCOA1801819Z" type="nodeFlux"/>
            <flux fluxValue="0.00016665" id="R_AGPATCOA18111Z160" type="nodeFlux"/>
            <flux fluxValue="0.00066218" id="R_AGPATCOA18111Z18111Z" type="nodeFlux"/>
            <flux fluxValue="0.0010189" id="R_AGPATCOA18111Z1819Z" type="nodeFlux"/>
            <flux fluxValue="2.2434e-05" id="R_AGPATCOA1819Z160" type="nodeFlux"/>
            <flux fluxValue="0.00069785" id="R_AGPATCOA1819Z18111Z" type="nodeFlux"/>
            <flux fluxValue="0.0011107" id="R_AGPATCOA1819Z1819Z" type="nodeFlux"/>
            <flux fluxValue="0.0056219" id="R_ALCD19" type="nodeFlux"/>
            <flux fluxValue="0.0020024" id="R_ALCD19y" type="nodeFlux"/>
            <flux fluxValue="0.00020635" id="R_ASQDCADS1829Z12Z160" type="nodeFlux"/>
            <flux fluxValue="0.00010327" id="R_ASQDCADS1839Z12Z15Z160" type="nodeFlux"/>
            <flux fluxValue="0.00020597" id="R_ASQDPADS1829Z12Z160" type="nodeFlux"/>
            <flux fluxValue="0.00010308" id="R_ASQDPADS1839Z12Z15Z160" type="nodeFlux"/>
            <flux fluxValue="1.7427e-05" id="R_DGDGD4DS1819Z1634Z7Z10Z" type="nodeFlux"/>
            <flux fluxValue="2.3287e-05" id="R_DGDGD4DS1829Z12Z1634Z7Z10Z" type="nodeFlux"/>
            <flux fluxValue="6.4182e-05" id="R_DGDGD4DS1839Z12Z15Z1634Z7Z10Z" type="nodeFlux"/>
            <flux fluxValue="0.00011894" id="R_DGDGD7DS1819Z1617Z" type="nodeFlux"/>
            <flux fluxValue="0.00029417" id="R_DGDGD7DS1829Z12Z1617Z" type="nodeFlux"/>
            <flux fluxValue="0.060516" id="R_DGDGGH1819Z1619Z" type="nodeFlux"/>
            <flux fluxValue="0.001061" id="R_DGDGS1819Z160" type="nodeFlux"/>
            <flux fluxValue="0.060568" id="R_DGDGS1819Z1619Z" type="nodeFlux"/>
            <flux fluxValue="4.0714e-05" id="R_DGDGW3DS1819Z1637Z10Z13Z" type="nodeFlux"/>
            <flux fluxValue="0.00020866" id="R_DGDGW3DS1839Z12Z15Z160" type="nodeFlux"/>
            <flux fluxValue="0.00019833" id="R_DGDGW3DS1839Z12Z15Z1627Z10Z" type="nodeFlux"/>
            <flux fluxValue="8.7573e-05" id="R_DGDGW3DS1839Z12Z15Z1637Z10Z13Z2" type="nodeFlux"/>
            <flux fluxValue="2.3391e-05" id="R_DGDGW3DS1839Z12Z15Z1644Z7Z10Z13Z" type="nodeFlux"/>
            <flux fluxValue="9.2919e-05" id="R_DGDGW6DS1819Z1627Z10Z" type="nodeFlux"/>
            <flux fluxValue="0.00079201" id="R_DGDGW6DS1829Z12Z160" type="nodeFlux"/>
            <flux fluxValue="2.6083e-05" id="R_DGDGW6DS1829Z12Z1619Z" type="nodeFlux"/>
            <flux fluxValue="0.00026809" id="R_DGDGW6DS1829Z12Z1627Z10Z2" type="nodeFlux"/>
            <flux fluxValue="2.3287e-05" id="R_DGDGW6DS1829Z12Z1637Z10Z13Z" type="nodeFlux"/>
            <flux fluxValue="0.00052049" id="R_DGTSD5DS1601835Z9Z12Z" type="nodeFlux"/>
            <flux fluxValue="5.8456e-05" id="R_DGTSD5DS18111Z1835Z9Z12Z" type="nodeFlux"/>
            <flux fluxValue="5.8456e-05" id="R_DGTSD5DS1819Z1835Z9Z12Z" type="nodeFlux"/>
            <flux fluxValue="0.00027629" id="R_DGTSD5DS1829Z12Z1835Z9Z12Z" type="nodeFlux"/>
            <flux fluxValue="0.00061697" id="R_DGTSDS1601829Z12Z" type="nodeFlux"/>
            <flux fluxValue="0.00018189" id="R_DGTSDS1601845Z9Z12Z15Z" type="nodeFlux"/>
            <flux fluxValue="7.5928e-05" id="R_DGTSDS18111Z1829Z12Z" type="nodeFlux"/>
            <flux fluxValue="2.342e-05" id="R_DGTSDS18111Z1845Z9Z12Z15Z" type="nodeFlux"/>
            <flux fluxValue="7.5928e-05" id="R_DGTSDS1819Z1829Z12Z" type="nodeFlux"/>
            <flux fluxValue="2.342e-05" id="R_DGTSDS1819Z1845Z9Z12Z15Z" type="nodeFlux"/>
            <flux fluxValue="3.5668e-05" id="R_DGTSDS1829Z12Z18111Z" type="nodeFlux"/>
            <flux fluxValue="0.00034699" id="R_DGTSDS1829Z12Z1819Z" type="nodeFlux"/>
            <flux fluxValue="0.00031132" id="R_DGTSDS1829Z12Z1829Z12Z1" type="nodeFlux"/>
            <flux fluxValue="6.5227e-06" id="R_DGTSDS1829Z12Z1845Z9Z12Z15Z2" type="nodeFlux"/>
            <flux fluxValue="2.9197e-05" id="R_DGTSDS1839Z12Z15Z18111Z" type="nodeFlux"/>
            <flux fluxValue="2.9197e-05" id="R_DGTSDS1839Z12Z15Z1819Z" type="nodeFlux"/>
            <flux fluxValue="0.00012925" id="R_DGTSDS1839Z12Z15Z1835Z9Z12Z" type="nodeFlux"/>
            <flux fluxValue="3.5317e-05" id="R_DGTSDS1839Z12Z15Z1845Z9Z12Z15Z2" type="nodeFlux"/>
            <flux fluxValue="0.0016792" id="R_FACOAL180" type="nodeFlux"/>
            <flux fluxValue="0.0046566" id="R_FACOAL18111Z" type="nodeFlux"/>
            <flux fluxValue="0.0019818" id="R_G3PAT160" type="nodeFlux"/>
            <flux fluxValue="0.00021232" id="R_G3PAT160h" type="nodeFlux"/>
            <flux fluxValue="0.00091462" id="R_G3PAT180" type="nodeFlux"/>
            <flux fluxValue="0.0018478" id="R_G3PAT181" type="nodeFlux"/>
            <flux fluxValue="0.001831" id="R_G3PAT1819Z" type="nodeFlux"/>
            <flux fluxValue="0.0060468" id="R_G3PAT1819Zh" type="nodeFlux"/>
            <flux fluxValue="0.00033961" id="R_G3PAT181h" type="nodeFlux"/>
            <flux fluxValue="0.0076243" id="R_GLYALDOR" type="nodeFlux"/>
            <flux fluxValue="0.0065751" id="R_GLYK" type="nodeFlux"/>
            <flux fluxValue="0.00028153" id="R_MGDGD4DS1819Z1644Z7Z10Z13Z" type="nodeFlux"/>
            <flux fluxValue="3.5096e-05" id="R_MGDGD4DS1829Z12Z1634Z7Z10Z" type="nodeFlux"/>
            <flux fluxValue="0.00028153" id="R_MGDGD4DS1839Z12Z15Z1634Z7Z10Z" type="nodeFlux"/>
            <flux fluxValue="0.0034724" id="R_MGDGD7DS1819Z1617Z" type="nodeFlux"/>
            <flux fluxValue="0.0045683" id="R_MGDGS1819Z160" type="nodeFlux"/>
            <flux fluxValue="6.9563e-05" id="R_MGDGS1819Z1619Z" type="nodeFlux"/>
            <flux fluxValue="0.00031663" id="R_MGDGW3DS1819Z1637Z10Z13Z" type="nodeFlux"/>
            <flux fluxValue="1.7454e-05" id="R_MGDGW3DS1839Z12Z15Z160" type="nodeFlux"/>
            <flux fluxValue="0.0030682" id="R_MGDGW3DS1839Z12Z15Z1627Z10Z" type="nodeFlux"/>
            <flux fluxValue="0.0027516" id="R_MGDGW3DS1839Z12Z15Z1637Z10Z13Z2" type="nodeFlux"/>
            <flux fluxValue="0.0024701" id="R_MGDGW3DS1839Z12Z15Z1644Z7Z10Z13Z2" type="nodeFlux"/>
            <flux fluxValue="0.00031663" id="R_MGDGW6DS1819Z1627Z10Z" type="nodeFlux"/>
            <flux fluxValue="3.4862e-05" id="R_MGDGW6DS1829Z12Z160" type="nodeFlux"/>
            <flux fluxValue="0.0031558" id="R_MGDGW6DS1829Z12Z1617Z" type="nodeFlux"/>
            <flux fluxValue="1.7454e-05" id="R_MGDGW6DS1829Z12Z1619Z" type="nodeFlux"/>
            <flux fluxValue="0.0031383" id="R_MGDGW6DS1829Z12Z1627Z10Z2" type="nodeFlux"/>
            <flux fluxValue="3.5096e-05" id="R_MGDGW6DS1829Z12Z1637Z10Z13Z" type="nodeFlux"/>
            <flux fluxValue="0.00028153" id="R_MGDGW6DS1829Z12Z1644Z7Z10Z13Z" type="nodeFlux"/>
            <flux fluxValue="0.00068241" id="R_PAPA16018111Z" type="nodeFlux"/>
            <flux fluxValue="0.0012994" id="R_PAPA1601819Z" type="nodeFlux"/>
            <flux fluxValue="0.00021232" id="R_PAPA160h" type="nodeFlux"/>
            <flux fluxValue="0.00091462" id="R_PAPA1801819Z" type="nodeFlux"/>
            <flux fluxValue="0.00066218" id="R_PAPA181" type="nodeFlux"/>
            <flux fluxValue="0.00024754" id="R_PAPA18111Z160h" type="nodeFlux"/>
            <flux fluxValue="0.0010189" id="R_PAPA18111Z1819Z" type="nodeFlux"/>
            <flux fluxValue="0.0053586" id="R_PAPA1819Z160h" type="nodeFlux"/>
            <flux fluxValue="6.9563e-05" id="R_PAPA1819Z1619Zh" type="nodeFlux"/>
            <flux fluxValue="0.00069785" id="R_PAPA1819Z18111Z" type="nodeFlux"/>
            <flux fluxValue="0.0011107" id="R_PAPA1819Z1819Z" type="nodeFlux"/>
            <flux fluxValue="0.0014442" id="R_PED5DS1801835Z9Z12Z" type="nodeFlux"/>
            <flux fluxValue="0.0014621" id="R_PED5DS18111Z1835Z9Z12Z" type="nodeFlux"/>
            <flux fluxValue="2.5575e-05" id="R_PED5DS1819Z1835Z9Z12Z" type="nodeFlux"/>
            <flux fluxValue="0.0014442" id="R_PEDS1801829Z12Z" type="nodeFlux"/>
            <flux fluxValue="0.0012405" id="R_PEDS1801845Z9Z12Z15Z" type="nodeFlux"/>
            <flux fluxValue="0.0014621" id="R_PEDS18111Z1829Z12Z" type="nodeFlux"/>
            <flux fluxValue="1.1042e-05" id="R_PEDS18111Z1845Z9Z12Z15Z" type="nodeFlux"/>
            <flux fluxValue="2.5575e-05" id="R_PEDS1819Z1829Z12Z" type="nodeFlux"/>
            <flux fluxValue="3.346e-07" id="R_PEDS1819Z1845Z9Z12Z15Z" type="nodeFlux"/>
            <flux fluxValue="1.7065e-05" id="R_PEDS1829Z12Z1835Z9Z12Z" type="nodeFlux"/>
            <flux fluxValue="-1.9472e-36" id="R_PLDAGAT1801819Z1602" type="nodeFlux"/>
            <flux fluxValue="0.00010289" id="R_SQDGATCA18111Z160" type="nodeFlux"/>
            <flux fluxValue="0.00030924" id="R_SQDGATCA1819Z160" type="nodeFlux"/>
            <flux fluxValue="0.00010269" id="R_SQDGATPA18111Z160" type="nodeFlux"/>
            <flux fluxValue="0.00030866" id="R_SQDGATPA1819Z160" type="nodeFlux"/>
            <flux fluxValue="0.00021232" id="R_SQDGS160" type="nodeFlux"/>
            <flux fluxValue="0.00024754" id="R_SQDGS18111Z160" type="nodeFlux"/>
            <flux fluxValue="0.0007904" id="R_SQDGS1819Z160" type="nodeFlux"/>
            <flux fluxValue="6.7459e-05" id="R_SQDGW3DS1839Z12Z15Z160" type="nodeFlux"/>
            <flux fluxValue="0.00013055" id="R_SQDGW6DS1829Z12Z160" type="nodeFlux"/>
            <flux fluxValue="6.6816e-06" id="R_TM16018111Z" type="nodeFlux"/>
            <flux fluxValue="0.00062365" id="R_TM1601819Z" type="nodeFlux"/>
            <flux fluxValue="6.454e-06" id="R_TM18111Z18111Z" type="nodeFlux"/>
            <flux fluxValue="8.2382e-05" id="R_TM18111Z1819Z" type="nodeFlux"/>
            <flux fluxValue="4.2122e-05" id="R_TM1819Z18111Z" type="nodeFlux"/>
            <flux fluxValue="0.00042937" id="R_TM1819Z1819Z" type="nodeFlux"/>
            <flux fluxValue="0.0012502" id="R_UDPSQS" type="nodeFlux"/>
            <flux fluxValue="0.0011838" id="R_1AGPEAT1801819Z" type="nodeFlux"/>
            <flux fluxValue="0.0011812" id="R_1AGPEAT18111Z1819Z" type="nodeFlux"/>
            <flux fluxValue="0.00016665" id="R_CDIPT18111Z160" type="nodeFlux"/>
            <flux fluxValue="2.2434e-05" id="R_CDIPT1819Z160" type="nodeFlux"/>
            <flux fluxValue="0.00016665" id="R_CDPDAGS18111Z160" type="nodeFlux"/>
            <flux fluxValue="9.2075e-05" id="R_CDPDAGS18111Z160h" type="nodeFlux"/>
            <flux fluxValue="2.2434e-05" id="R_CDPDAGS1819Z160" type="nodeFlux"/>
            <flux fluxValue="0.00061854" id="R_CDPDAGS1819Z160h" type="nodeFlux"/>
            <flux fluxValue="0.0005668" id="R_ETHAK" type="nodeFlux"/>
            <flux fluxValue="0.00026039" id="R_ETHAPT1801819Z" type="nodeFlux"/>
            <flux fluxValue="0.00028083" id="R_ETHAPT18111Z1819Z" type="nodeFlux"/>
            <flux fluxValue="2.5575e-05" id="R_ETHAPT1819Z1819Z" type="nodeFlux"/>
            <flux fluxValue="-0.0042515" id="R_G3PD1" type="nodeFlux"/>
            <flux fluxValue="0.011561" id="R_G3PO" type="nodeFlux"/>
            <flux fluxValue="0.0005668" id="R_PETHCT" type="nodeFlux"/>
            <flux fluxValue="3.9015e-05" id="R_PGD3TDS18111Z1613E" type="nodeFlux"/>
            <flux fluxValue="3.9015e-05" id="R_PGD3TDS1819Z1613E" type="nodeFlux"/>
            <flux fluxValue="0.00029163" id="R_PGD3TDS1829Z12Z1613E" type="nodeFlux"/>
            <flux fluxValue="0.00010698" id="R_PGD3TDS1839Z12Z15Z1613E" type="nodeFlux"/>
            <flux fluxValue="9.2075e-05" id="R_PGPP18111Z160h" type="nodeFlux"/>
            <flux fluxValue="0.00061854" id="R_PGPP1819Z160h" type="nodeFlux"/>
            <flux fluxValue="9.2075e-05" id="R_PGPS18111Z160h" type="nodeFlux"/>
            <flux fluxValue="0.00061854" id="R_PGPS1819Z160h" type="nodeFlux"/>
            <flux fluxValue="0.000171" id="R_PGW3DS1839Z12Z15Z160" type="nodeFlux"/>
            <flux fluxValue="0.00052647" id="R_PGW6DS1829Z12Z160" type="nodeFlux"/>
            <flux fluxValue="0.0011838" id="R_PLPSA21801845Z9Z12Z15Z" type="nodeFlux"/>
            <flux fluxValue="0.0011812" id="R_PLPSA218111Z1835Z9Z12Z" type="nodeFlux"/>
            <flux fluxValue="0.0005668" id="R_SERDC" type="nodeFlux"/>
            <flux fluxValue="-0.028919" id="R_GHMT" type="nodeFlux"/>
            <flux fluxValue="-0.0076243" id="R_GLYCOR_LPAREN_nadp_RPAREN_" type="nodeFlux"/>
            <flux fluxValue="0.00021033" id="R_HSK" type="nodeFlux"/>
            <flux fluxValue="0.0076243" id="R_SPTA" type="nodeFlux"/>
            <flux fluxValue="-0.027952" id="R_THRA" type="nodeFlux"/>
            <flux fluxValue="-0.039003" id="R_THRAL" type="nodeFlux"/>
            <flux fluxValue="4.2809e-11" id="R_THRS" type="nodeFlux"/>
            <flux fluxValue="0.0017878" id="R_ASADH" type="nodeFlux"/>
            <flux fluxValue="0.0017878" id="R_ASPK" type="nodeFlux"/>
            <flux fluxValue="0.00021033" id="R_HSDH" type="nodeFlux"/>
            <flux fluxValue="0.55513" id="R_ENO" type="nodeFlux"/>
            <flux fluxValue="-0.26347" id="R_GAPDHh" type="nodeFlux"/>
            <flux fluxValue="0.0083554" id="R_GLUKA" type="nodeFlux"/>
            <flux fluxValue="0.004268" id="R_GLUKB" type="nodeFlux"/>
            <flux fluxValue="-0.12565" id="R_PGCM" type="nodeFlux"/>
            <flux fluxValue="-0.11748" id="R_PGIA" type="nodeFlux"/>
            <flux fluxValue="-0.17017" id="R_PGIAh" type="nodeFlux"/>
            <flux fluxValue="0.55513" id="R_PGM" type="nodeFlux"/>
            <flux fluxValue="-0.17017" id="R_PGMTh" type="nodeFlux"/>
            <flux fluxValue="0.20192" id="R_PDHam1hi" type="nodeFlux"/>
            <flux fluxValue="-7.1929" id="R_PGKh" type="nodeFlux"/>
            <flux fluxValue="-2.9426" id="R_TPIh" type="nodeFlux"/>
            <flux fluxValue="0.19908" id="R_PDCh" type="nodeFlux"/>
            <flux fluxValue="0.02943" id="R_FTHFL" type="nodeFlux"/>
            <flux fluxValue="0.00010517" id="R_ADPART" type="nodeFlux"/>
            <flux fluxValue="-0.00010517" id="R_AOOA" type="nodeFlux"/>
            <flux fluxValue="0.00010517" id="R_HDH" type="nodeFlux"/>
            <flux fluxValue="0.00010517" id="R_HP" type="nodeFlux"/>
            <flux fluxValue="0.00010517" id="R_IGPD" type="nodeFlux"/>
            <flux fluxValue="0.00010517" id="R_IMGPS" type="nodeFlux"/>
            <flux fluxValue="0.00010517" id="R_PRACH" type="nodeFlux"/>
            <flux fluxValue="0.00010517" id="R_PRADP" type="nodeFlux"/>
            <flux fluxValue="0.00010517" id="R_PRICI" type="nodeFlux"/>
            <flux fluxValue="0.00018909" id="R_MI3PP" type="nodeFlux"/>
            <flux fluxValue="0.00018909" id="R_MI3PSA" type="nodeFlux"/>
            <flux fluxValue="0.0015775" id="R_DAPAT" type="nodeFlux"/>
            <flux fluxValue="0.0015775" id="R_DAPDC" type="nodeFlux"/>
            <flux fluxValue="0.0015775" id="R_DAPEP" type="nodeFlux"/>
            <flux fluxValue="0.0015775" id="R_DHDPS" type="nodeFlux"/>
            <flux fluxValue="0.0015775" id="R_DHPR" type="nodeFlux"/>
            <flux fluxValue="0.0011907" id="R_ACDO" type="nodeFlux"/>
            <flux fluxValue="0.0011907" id="R_ACRS" type="nodeFlux"/>
            <flux fluxValue="0.0011907" id="R_ACRSP" type="nodeFlux"/>
            <flux fluxValue="-0.00021033" id="R_ADSH" type="nodeFlux"/>
            <flux fluxValue="0.0060945" id="R_ADSHm" type="nodeFlux"/>
            <flux fluxValue="0.00021033" id="R_CBL" type="nodeFlux"/>
            <flux fluxValue="0.00021033" id="R_CYSTS" type="nodeFlux"/>
            <flux fluxValue="0.0011907" id="R_M5TAP" type="nodeFlux"/>
            <flux fluxValue="0.0011907" id="R_M5TRPH" type="nodeFlux"/>
            <flux fluxValue="0.0011907" id="R_M5TRPI" type="nodeFlux"/>
            <flux fluxValue="0.00098033" id="R_MAT" type="nodeFlux"/>
            <flux fluxValue="0.0060945" id="R_MATm" type="nodeFlux"/>
            <flux fluxValue="0.0011907" id="R_MOTA" type="nodeFlux"/>
            <flux fluxValue="0.0042078" id="R_BDMT" type="nodeFlux"/>
            <flux fluxValue="0.0042078" id="R_DOLASNT" type="nodeFlux"/>
            <flux fluxValue="0.0042078" id="R_DOLDPP" type="nodeFlux"/>
            <flux fluxValue="0.0042078" id="R_DOLPGT1" type="nodeFlux"/>
            <flux fluxValue="0.0042078" id="R_DOLPGT2" type="nodeFlux"/>
            <flux fluxValue="0.0042078" id="R_DOLPGT3" type="nodeFlux"/>
            <flux fluxValue="0.016831" id="R_DOLPMT" type="nodeFlux"/>
            <flux fluxValue="0.0042078" id="R_DOLPMT1" type="nodeFlux"/>
            <flux fluxValue="0.0042078" id="R_DOLPMT2" type="nodeFlux"/>
            <flux fluxValue="0.0042078" id="R_G12MT1" type="nodeFlux"/>
            <flux fluxValue="0.0042078" id="R_G12MT2" type="nodeFlux"/>
            <flux fluxValue="0.0042078" id="R_G12MT3" type="nodeFlux"/>
            <flux fluxValue="0.0042078" id="R_G12MT4" type="nodeFlux"/>
            <flux fluxValue="0.0042078" id="R_G13MT" type="nodeFlux"/>
            <flux fluxValue="0.0042078" id="R_G16MT" type="nodeFlux"/>
            <flux fluxValue="0.0042078" id="R_GLCNACPT" type="nodeFlux"/>
            <flux fluxValue="0.0042078" id="R_GLCNACT" type="nodeFlux"/>
            <flux fluxValue="0.0041476" id="R_MG1A" type="nodeFlux"/>
            <flux fluxValue="6.0216e-05" id="R_MG1B" type="nodeFlux"/>
            <flux fluxValue="0.0042078" id="R_MG2A" type="nodeFlux"/>
            <flux fluxValue="0.0042078" id="R_MG3B" type="nodeFlux"/>
            <flux fluxValue="0.0042078" id="R_MM1" type="nodeFlux"/>
            <flux fluxValue="0.0042078" id="R_MM2" type="nodeFlux"/>
            <flux fluxValue="0.012623" id="R_UDPDOLPT" type="nodeFlux"/>
            <flux fluxValue="-2.8558e-18" id="R_ANNA" type="nodeFlux"/>
            <flux fluxValue="-2.8558e-18" id="R_NADS1" type="nodeFlux"/>
            <flux fluxValue="-0.2031" id="R_NNOR" type="nodeFlux"/>
            <flux fluxValue="2.8558e-18" id="R_NRPH" type="nodeFlux"/>
            <flux fluxValue="0.022635" id="R_GLYS" type="nodeFlux"/>
            <flux fluxValue="0.03935" id="R_NITR" type="nodeFlux"/>
            <flux fluxValue="0.03935" id="R_NITR_LPAREN_NO_RPAREN_" type="nodeFlux"/>
            <flux fluxValue="0.00018925" id="R_DHFRi" type="nodeFlux"/>
            <flux fluxValue="0.00018925" id="R_MDUMT" type="nodeFlux"/>
            <flux fluxValue="0.0060945" id="R_METSm" type="nodeFlux"/>
            <flux fluxValue="0.0060945" id="R_MTHFO" type="nodeFlux"/>
            <flux fluxValue="1.1626" id="R_ATPSm" type="nodeFlux"/>
            <flux fluxValue="0.014662" id="R_CCP2m" type="nodeFlux"/>
            <flux fluxValue="0.90839" id="R_CYOO6m" type="nodeFlux"/>
            <flux fluxValue="-5.0629e-18" id="R_CYOR_LPAREN_q8_RPAREN_m" type="nodeFlux"/>
            <flux fluxValue="0.25076" id="R_IDPh" type="nodeFlux"/>
            <flux fluxValue="0.0034858" id="R_IDPm" type="nodeFlux"/>
            <flux fluxValue="0.012305" id="R_BCTA_LPAREN_val_RPAREN_m" type="nodeFlux"/>
            <flux fluxValue="0.012305" id="R_DMHL" type="nodeFlux"/>
            <flux fluxValue="0.012305" id="R_DMORm" type="nodeFlux"/>
            <flux fluxValue="0.012305" id="R_PPATDm" type="nodeFlux"/>
            <flux fluxValue="0.004268" id="R_G6PBDH" type="nodeFlux"/>
            <flux fluxValue="0.004268" id="R_PGDHh" type="nodeFlux"/>
            <flux fluxValue="0.004268" id="R_PGLh" type="nodeFlux"/>
            <flux fluxValue="0.00010517" id="R_RPDPK" type="nodeFlux"/>
            <flux fluxValue="1.6362" id="R_TAh" type="nodeFlux"/>
            <flux fluxValue="-2.6014" id="R_RPEh" type="nodeFlux"/>
            <flux fluxValue="1.2684" id="R_RPIh" type="nodeFlux"/>
            <flux fluxValue="-1.2991" id="R_TKT1h" type="nodeFlux"/>
            <flux fluxValue="-1.3023" id="R_TKT2h" type="nodeFlux"/>
            <flux fluxValue="0.00010517" id="R_ANTPPT" type="nodeFlux"/>
            <flux fluxValue="0.00010517" id="R_ATNS_LPAREN_nh4_RPAREN_" type="nodeFlux"/>
            <flux fluxValue="0.0030498" id="R_CHRM" type="nodeFlux"/>
            <flux fluxValue="0.003155" id="R_CHRS" type="nodeFlux"/>
            <flux fluxValue="0.003155" id="R_DHQS" type="nodeFlux"/>
            <flux fluxValue="0.003155" id="R_DPHS" type="nodeFlux"/>
            <flux fluxValue="0.003155" id="R_DQDH" type="nodeFlux"/>
            <flux fluxValue="0.00010517" id="R_IGPS" type="nodeFlux"/>
            <flux fluxValue="0.0029447" id="R_POAT" type="nodeFlux"/>
            <flux fluxValue="0.0029447" id="R_PPDH" type="nodeFlux"/>
            <flux fluxValue="0.00010517" id="R_PPOR" type="nodeFlux"/>
            <flux fluxValue="0.00010517" id="R_PRAI" type="nodeFlux"/>
            <flux fluxValue="0.003155" id="R_PSCIT" type="nodeFlux"/>
            <flux fluxValue="0.00010517" id="R_SERH" type="nodeFlux"/>
            <flux fluxValue="0.003155" id="R_SKDH" type="nodeFlux"/>
            <flux fluxValue="0.003155" id="R_SKK" type="nodeFlux"/>
            <flux fluxValue="0.00010517" id="R_TYRTAh" type="nodeFlux"/>
            <flux fluxValue="11.5703" id="R_ATPSh" type="nodeFlux"/>
            <flux fluxValue="9.4451" id="R_CBFC" type="nodeFlux"/>
            <flux fluxValue="9.4451" id="R_FNORh" type="nodeFlux"/>
            <flux fluxValue="9.4451" id="R_PSIred" type="nodeFlux"/>
            <flux fluxValue="4.7226" id="R_PSIIred" type="nodeFlux"/>
            <flux fluxValue="0.0008755" id="R_CHLASP" type="nodeFlux"/>
            <flux fluxValue="0.0014367" id="R_CHLBSP" type="nodeFlux"/>
            <flux fluxValue="0.0014367" id="R_CHLDAO" type="nodeFlux"/>
            <flux fluxValue="0.0023122" id="R_CPPPGO" type="nodeFlux"/>
            <flux fluxValue="0.0023122" id="R_DVCHLDR" type="nodeFlux"/>
            <flux fluxValue="0.0023122" id="R_DVPCHLD646OR" type="nodeFlux"/>
            <flux fluxValue="0.018497" id="R_G1SAT" type="nodeFlux"/>
            <flux fluxValue="0.018497" id="R_GLUTRR" type="nodeFlux"/>
            <flux fluxValue="0.018497" id="R_GLUTRS" type="nodeFlux"/>
            <flux fluxValue="0.0023122" id="R_MPMECY1" type="nodeFlux"/>
            <flux fluxValue="0.0023122" id="R_MPMECY2" type="nodeFlux"/>
            <flux fluxValue="0.0023122" id="R_MPMECY3" type="nodeFlux"/>
            <flux fluxValue="0.0023122" id="R_MPML" type="nodeFlux"/>
            <flux fluxValue="0.0023122" id="R_MPMT" type="nodeFlux"/>
            <flux fluxValue="0.0023122" id="R_PPBNGD" type="nodeFlux"/>
            <flux fluxValue="0.0092487" id="R_PPBNGS" type="nodeFlux"/>
            <flux fluxValue="0.0023122" id="R_PPPGO" type="nodeFlux"/>
            <flux fluxValue="0.0023122" id="R_UPP3S" type="nodeFlux"/>
            <flux fluxValue="0.0023122" id="R_UPPDC1" type="nodeFlux"/>
            <flux fluxValue="-0.0026087" id="R_APAT" type="nodeFlux"/>
            <flux fluxValue="-0.015353" id="R_HPCOR" type="nodeFlux"/>
            <flux fluxValue="-0.015353" id="R_HPHL" type="nodeFlux"/>
            <flux fluxValue="-0.015353" id="R_OCDOR" type="nodeFlux"/>
            <flux fluxValue="-0.0026087" id="R_PACPT" type="nodeFlux"/>
            <flux fluxValue="0.017961" id="R_PCFPTh" type="nodeFlux"/>
            <flux fluxValue="0.015353" id="R_PCNO" type="nodeFlux"/>
            <flux fluxValue="0.0053837" id="R_AAL_LPAREN_fum_RPAREN_" type="nodeFlux"/>
            <flux fluxValue="0.0060945" id="R_ADNKm" type="nodeFlux"/>
            <flux fluxValue="0.1676" id="R_ADPA" type="nodeFlux"/>
            <flux fluxValue="0.0053837" id="R_ADSS" type="nodeFlux"/>
            <flux fluxValue="0.009384" id="R_AGPT" type="nodeFlux"/>
            <flux fluxValue="0.014662" id="R_AIAL" type="nodeFlux"/>
            <flux fluxValue="0.00021033" id="R_AMP5N" type="nodeFlux"/>
            <flux fluxValue="0.0011907" id="R_APPRT" type="nodeFlux"/>
            <flux fluxValue="0.044446" id="R_ATAMh" type="nodeFlux"/>
            <flux fluxValue="0.0034858" id="R_ATAMm" type="nodeFlux"/>
            <flux fluxValue="0.917" id="R_ATPPHm" type="nodeFlux"/>
            <flux fluxValue="0.00018925" id="R_DAOTO" type="nodeFlux"/>
            <flux fluxValue="0.00033644" id="R_DGTTO" type="nodeFlux"/>
            <flux fluxValue="0.014768" id="R_FPAIF" type="nodeFlux"/>
            <flux fluxValue="0.014662" id="R_FPGFT" type="nodeFlux"/>
            <flux fluxValue="-0.24748" id="R_GBDP" type="nodeFlux"/>
            <flux fluxValue="-0.24748" id="R_GDTP" type="nodeFlux"/>
            <flux fluxValue="0.009384" id="R_GMPS" type="nodeFlux"/>
            <flux fluxValue="0.19484" id="R_GTPA" type="nodeFlux"/>
            <flux fluxValue="-0.24748" id="R_GTPDPK" type="nodeFlux"/>
            <flux fluxValue="0.014768" id="R_ICH" type="nodeFlux"/>
            <flux fluxValue="0.009384" id="R_IMPD" type="nodeFlux"/>
            <flux fluxValue="0.00018925" id="R_NDPKm" type="nodeFlux"/>
            <flux fluxValue="0.014662" id="R_PPRGL" type="nodeFlux"/>
            <flux fluxValue="0.014662" id="R_PRAIC" type="nodeFlux"/>
            <flux fluxValue="0.014662" id="R_PRAIS" type="nodeFlux"/>
            <flux fluxValue="0.014662" id="R_PRDPAR" type="nodeFlux"/>
            <flux fluxValue="0.014662" id="R_PRFGCL" type="nodeFlux"/>
            <flux fluxValue="0.014662" id="R_PRFGS" type="nodeFlux"/>
            <flux fluxValue="0.030621" id="R_R5PDP" type="nodeFlux"/>
            <flux fluxValue="0.0016709" id="R_SUAT" type="nodeFlux"/>
            <flux fluxValue="0.014662" id="R_ASPCTm" type="nodeFlux"/>
            <flux fluxValue="0.013951" id="R_ATCD" type="nodeFlux"/>
            <flux fluxValue="0.014288" id="R_ATCM" type="nodeFlux"/>
            <flux fluxValue="0.00033644" id="R_ATDCDm" type="nodeFlux"/>
            <flux fluxValue="0.00018925" id="R_ATDTDm" type="nodeFlux"/>
            <flux fluxValue="0.00018925" id="R_ATDTM" type="nodeFlux"/>
            <flux fluxValue="0.14873" id="R_ATUDm" type="nodeFlux"/>
            <flux fluxValue="0.00033644" id="R_DCDT" type="nodeFlux"/>
            <flux fluxValue="0.014662" id="R_DHR" type="nodeFlux"/>
            <flux fluxValue="0.014662" id="R_DHRO" type="nodeFlux"/>
            <flux fluxValue="0.00018925" id="R_DUTNH" type="nodeFlux"/>
            <flux fluxValue="0.00018925" id="R_DUTT" type="nodeFlux"/>
            <flux fluxValue="0.027703" id="R_HCGALm" type="nodeFlux"/>
            <flux fluxValue="0.014662" id="R_ORPDC" type="nodeFlux"/>
            <flux fluxValue="-0.014662" id="R_ORPRT" type="nodeFlux"/>
            <flux fluxValue="0.0010514" id="R_TDSR" type="nodeFlux"/>
            <flux fluxValue="0.01887" id="R_UMPK" type="nodeFlux"/>
            <flux fluxValue="0.009384" id="R_UTAL" type="nodeFlux"/>
            <flux fluxValue="0.033993" id="R_ACACT" type="nodeFlux"/>
            <flux fluxValue="0.17113" id="R_ACALDh" type="nodeFlux"/>
            <flux fluxValue="0.0066754" id="R_ACCOAhi" type="nodeFlux"/>
            <flux fluxValue="-0.0054114" id="R_ACKrh" type="nodeFlux"/>
            <flux fluxValue="0.041959" id="R_ASPAT" type="nodeFlux"/>
            <flux fluxValue="1.8314" id="R_LLDH_LPAREN_ferr_RPAREN_m" type="nodeFlux"/>
            <flux fluxValue="-1.8314" id="R_LLDHm" type="nodeFlux"/>
            <flux fluxValue="0.010278" id="R_PFLACTm" type="nodeFlux"/>
            <flux fluxValue="0.0054114" id="R_PTArh" type="nodeFlux"/>
            <flux fluxValue="0.15257" id="R_PYRShi" type="nodeFlux"/>
            <flux fluxValue="4.5055e-08" id="R_CAROMO" type="nodeFlux"/>
            <flux fluxValue="9.0109e-08" id="R_CRETINOLOR2" type="nodeFlux"/>
            <flux fluxValue="9.0109e-08" id="R_RETPALMIH" type="nodeFlux"/>
            <flux fluxValue="9.0109e-08" id="R_RHODOPSINRT" type="nodeFlux"/>
            <flux fluxValue="9.0109e-08" id="R_TRETINOLOR2" type="nodeFlux"/>
            <flux fluxValue="9.0109e-08" id="R_TRETINOLPMTACT" type="nodeFlux"/>
            <flux fluxValue="0.045508" id="R_UGDC" type="nodeFlux"/>
            <flux fluxValue="0.045508" id="R_UGDH" type="nodeFlux"/>
            <flux fluxValue="0.12565" id="R_UG1PUT" type="nodeFlux"/>
            <flux fluxValue="0.17996" id="R_GLPThi" type="nodeFlux"/>
            <flux fluxValue="4.3507e-05" id="R_STARCH300DEGRA" type="nodeFlux"/>
            <flux fluxValue="0.00059987" id="R_STARCH300S" type="nodeFlux"/>
            <flux fluxValue="0.00042067" id="R_SULR_LPAREN_ferr_RPAREN_" type="nodeFlux"/>
            <flux fluxValue="0.049732" id="R_CSm" type="nodeFlux"/>
            <flux fluxValue="-2.8014" id="R_PCr" type="nodeFlux"/>
            <flux fluxValue="-0.10748" id="R_MDHh" type="nodeFlux"/>
            <flux fluxValue="-2.2541" id="R_MDHm" type="nodeFlux"/>
            <flux fluxValue="0.049732" id="R_ACONTm" type="nodeFlux"/>
            <flux fluxValue="0.033087" id="R_FUMm" type="nodeFlux"/>
            <flux fluxValue="0.049732" id="R_ICDH" type="nodeFlux"/>
            <flux fluxValue="-5.0629e-18" id="R_SUCDH_LPAREN_q8_RPAREN_m" type="nodeFlux"/>
            <flux fluxValue="-4.3786e-18" id="R_DEDOLDPS" type="nodeFlux"/>
            <flux fluxValue="-4.3786e-18" id="R_DEDOLDPSAT" type="nodeFlux"/>
            <flux fluxValue="-4.3786e-18" id="R_TTCGGDPS" type="nodeFlux"/>
            <flux fluxValue="0.0028395" id="R_ACAS_LPAREN_2ahbut_RPAREN_" type="nodeFlux"/>
            <flux fluxValue="0.0028395" id="R_DHAD" type="nodeFlux"/>
            <flux fluxValue="0.0071514" id="R_IMDH" type="nodeFlux"/>
            <flux fluxValue="0.0071514" id="R_IMDHT" type="nodeFlux"/>
            <flux fluxValue="0.0071514" id="R_IMDHT_LPAREN_3c2hmp_RPAREN_" type="nodeFlux"/>
            <flux fluxValue="0.0071514" id="R_IPMS" type="nodeFlux"/>
            <flux fluxValue="0.0028395" id="R_KARI" type="nodeFlux"/>
            <flux fluxValue="0.0028395" id="R_KARI_LPAREN_23dhmp_RPAREN_" type="nodeFlux"/>
            <flux fluxValue="0.0071514" id="R_MOPC" type="nodeFlux"/>
            <flux fluxValue="0.020801" id="R_TAL" type="nodeFlux"/>
            <flux fluxValue="0.0028395" id="R_BCTA" type="nodeFlux"/>
            <flux fluxValue="-0.0071514" id="R_BCTA_LPAREN_glu_RPAREN_" type="nodeFlux"/>
            <flux fluxValue="0.0071514" id="R_BCTA_LPAREN_val_RPAREN_h" type="nodeFlux"/>
         </listOfFluxes>
      </fluxDistribution>
   </listOfFluxDistributions>
</fluxDistributionCollection>